company_name,max_wages,min_wages,place,place2,education,treatment,requirement
软件开发工程师（ios） (职位编号：001263),30000.0,15000.0,顺城大街四川国际大厦,成都-青羊区,本科,无,岗位职责:1、参与移动应用软件的需求分析、业务研讨，参与移动应用软件的技术、安全、部署、测试方案的设计，参与移动应用软件的功能详细设计；2、与服务器端工程师、UI设计师配合，制定接口方案与视觉展示方案；3、根据功能需求与展示需求，承担移动应用的代码开发、服务端/移动端联合调试、移动端代码测试与优化等工作；4、参与移动端相关文档的编制；5、参与公司移动应用基础框架的构建和持续优化任务；6、持续跟踪移动端前沿技术的发展趋势，及时进行技术方案的建议。职能类别：软件工程师微信分享
iOS开发工程师,15000.0,10000.0,锦江区三色路163号银海芯座A座,成都-锦江区,大专,"五险一金,交通补贴,餐饮补贴,定期体检,弹性工作,年终奖金","1、协助处理系统IOS代码开发，性能、用户体验优化和维护，解决项目中遇到的问题； 2、研究项目中IOS解决方案，并进行相关技术的预研以及攻关； 3、协助项目经理分析业务需求，提供建议技术解决方案 4、按时保质完成项目经理分配的任务技能要求： 1、良好的编程风格，扎实的编程和数据结构算法基础；深入理解面向对象编程思想，具有较强的设计能力； 2、深入理解iOS SDK，具有丰富的 Objective-C 及 C/C++ 开发经验；精通各种UI控件，能够实现复杂的界面交互； 3、熟练掌握iOS平台下的高性能编程及性能调优； 4、关注iOS的新技术、新趋势,主动性强愿意自学提高自身技术水平； 学历专业要求： 1本科以上学历，工科、计算机或其他相关专业，3年以上相关工作经验； 综合素质要求： 1.具有良好学习能力、分析能力和解决问题的能力； 2.有强烈的责任心和团队精神，善于沟通和合作； 3.热爱互联网新技术，了解并探索业界技术动向；职能类别：iOS开发工程师关键字：iosios开发微信分享"
iOS开发工程师,15000.0,10000.0,来福士广场,成都,大专,"五险一金,弹性工作,绩效奖金,年终奖金,交通补贴",-3-5年移动软件开发经验。拥有多个平台的经验是很好的。-精通快速，客观C和可可触摸。-熟悉iOS框架，如GameplayKit、SpriteKit、UIKit、核心数据、核心动画、核心图形和核心文本。-了解如何实现和管理基于Web的服务和第三方API。-舒适地使用遗留框架/代码库。-精通代码版本控制工具。***是Git。-已经在苹果应用商店或谷歌Play上构建和发布的应用程序（或SDK）组合。职能类别：iOS开发工程师关键字：软件开发ios微信分享
IOS开发工程师,15000.0,10000.0,天府新谷10号楼（成都市高新区府城大道西段399号）,成都-高新区,本科,"五险一金,定期体检,年终奖金,专业培训,周末双休,股权激励","岗位职责：1、完成软件系统代码的实现，编写代码注释和开发文档；2、辅助进行系统的功能定义,程序设计；3、根据设计文档或需求说明完成代码编写，调试，测试和维护；4、分析并解决软件开发过程中的问题；5、协助测试工程师制定测试计划，定位发现的问题；6、配合项目经理完成相关任务目标。任职资格：1、本科及以上学历，计算机或相关专业；2、3年及以上IOS开发工作经验，熟悉 Objective-C、swift语言中的一种及以上；3、在APP Store有应用发布者优先。或实际开发商业应用作品者优先录用；4、熟悉面向对象思想，精通编程，调试和相关技术；5、熟悉应用服务器的安装、调试、配置及使用；6、具备需求分析和系统设计能力，以及较强的逻辑分析和独立解决问题能力；7、能熟练阅读中文、英文技术文档，富有团队精神,责任感和沟通能力。工作地址：天府新谷10号楼（成都市高新区府城大道西段399号）职能类别：iOS开发工程师微信分享"
iOS开发工程师,10000.0,8000.0,博雅城市广场-C座511室,成都-双流区,本科,"五险一金,年终奖金,周末双休,节假日福利,早九晚六",岗位职责：1、根据产品功能需求设计及开发进度计划进行需求分析，研讨技术实现方案；2、高质量完成编码工作，确保代码和架构的质量，具有高可维护性；3、根据开发过程中的体验对产品进行技术评估，提出改进建议；4、改善app软件测试中发现的问题，提升用户使用体验；5、跟进iOS的新技术发展，编码开发及实现；6、良好的编码习惯，代码可读性高，健壮性强。任职要求：1、至少2-3年iOS开发经验，至少参与或独立开发过两款APP并已上架；2、有扎实的ObjectiveC和Cocoa Touch语言基础，深入理解面向对象的设计模式；3、精通iOS开发平台及框架原理 精通iOS UI系统控件及自定义控件，熟悉TCPIP、HTTP协议，SQLite数据库；4、熟练使用Xcode等开发工具，熟练使用各种调试工具；5、熟悉AutoLayout，能熟练的对各种屏幕尺寸和各个系统版本进行适配；6、熟悉iOS软件性能优化，对数据结构、基本算法熟练掌握，有独立解决复杂问题的能力；7、负责iOS手机软件的设计，开发工作，对开发设计流程有清晰的思路；8、具有良好的工作态度、沟通技巧和团队协作精神，能适应高强度和高压力的工作节奏；9、有混合开发经验者优先。职能类别：iOS开发工程师关键字：ios软件开发软件工程师微信分享
iOS开发工程师,11000.0,8000.0,青羊区清江东路55号电信大楼 2楼,成都-青羊区,大专,"五险一金,员工旅游,交通补贴,通讯补贴,绩效奖金,年终奖金,定期体检,奖金提成",岗位要求：1、具备独立上架app能力2、熟悉runtime底层能力3、熟悉iPhone / iPad应用开发流程，熟悉iOS常用三方SDK;4、具备扎实的OC基础，熟悉常用的SDK;5、具有良好的OOP编程思想，熟悉常用的算法、数据结构及设计模式;6、逻辑思维能力强，思路清晰，有上进心;7、工作踏实认真，有较强的负责心，良好的沟通能力和团队合作精神。职能类别：iOS开发工程师微信分享
iOS开发工程师,11000.0,8000.0,成都市金牛区蜀西路48号西城国际8栋2号,成都,本科,无,1、两年以上iOS产品研发经验，本科以上学历;2、熟练掌握Objective-C;3、熟练使用Xcode开发工具，熟悉IOS UI开发、 SDK封装;4、熟悉AVFoundation、AudioToolbox、VideoToolbox者优先5、对c/c++有一定了解者为优;职能类别：软件工程师高级软件工程师关键字：IOS开发C++C微信分享
IOS开发工程师,15000.0,10000.0,理工大学,大连-高新园区,本科,无,有日本出差，日语水平必需。日语能力N2以上，能看懂日文式样书。1.计算机相关专业本科或以上学历，3年及以上IOS客户端产品研发经验;2.熟悉iOS软件的开发、测试、分发流程、AppStore上线流程;3.熟练使用 Objective-C，深刻理解Objective-C的运行机制，熟练掌握Xcode 等相关开发工具;4.代码风格规范，具有模块化思想，熟练使用各种设计模式;5.理解OOP，有较强的组织代码结构能力; 6.熟练使用 SVN、GIT 代码管理工具;7根据产品功能模块设计，编写可复用的功能组件实现需求，并确保开发质量8.团队意识强，有敬业精神，善于沟通，具有独立分析问题和解决问题，能适应较大的工作压力;职能类别：iOS开发工程师微信分享
iOS开发工程师,17000.0,12000.0,中国黄金珠宝中心3栋601-1,成都-金牛区,大专,"五险一金,绩效奖金,年终奖金,员工旅游,定期体检",职位描述：1、负责IOS产品开发、用户体验优化和产品维护；2、 根据上级安排的开发进度和任务分配，完成相应模块软件的设计、开发和单元测试任务；3、负责开发过程中相关设计文档和技术规范文档的编写；任职要求：1. 计算机及相关专业，国家统招本科及以上学历；2. 熟悉IOS系统架构及相关技术，熟悉Objective-C 开发。2年以上实际IOS开发经验，有独立或者作为团队主力完成手机APP开发经验；3. 熟练掌握IOS各类组件的使用方法，熟悉IOS的UI绘制、后台服务、消息机制和数据存储的实现方式；4.有使用微信支付宝支付、第三方登录以及即时聊天环信融云的开发经验优先考虑；5.能够适应加班节奏，抗压能力强。具有良好的言语表达能力，善于与人沟通、合作，有良好的团队意识及工作责任心。职能类别：iOS开发工程师微信分享
ios开发工程师,12000.0,6000.0,天府新谷7号楼1109室,成都-天府新区,大专,"五险一金,定期体检,节日福利,员工旅游,周末双休",岗位职责：1、参与项目的需求分析、设计、编码，撰写相关技术文档；2、参与项目的测试、系统交付工作，对项目实施提供支持；3、参与方案讨论和技术调研。任职要求：1. 大学专科以上学历，计算机或相关专业，2年以上开发经验；2. 熟悉各种UI组件和第三方库，熟悉iOS网络编程；3. 具备良好的编程和设计能力；4. 了解APP上架流程，能独立完成 安卓/苹果 打包/提审/上架工作;5. 能适配各种iphone设备的屏幕尺寸，保证程序UI的高还原度，对各个iphone系统版本特性熟悉。职能类别：iOS开发工程师微信分享
iOS开发工程师,10000.0,7000.0,天府大道天府软件园,成都-高新区,本科,"五险一金,餐饮补贴,通讯补贴,定期体检,周末双休,加班补贴,公司重点项目","岗位职责：1、负责智慧社区平台产品版本新功能开发以及相关功能维护；2、与产品、测试及其他团队协作，分析产品需求，制定技术方案；3、负责产品性能优化、质量指标的优化以及团队项目代码的优化。任职要求：1、4年以上相关工作经验；4年以上iOS平台开发经验，2、有Swift 开发经验，熟悉掌握Objective-C编程语言，同时熟练掌握iOS应用开发。3、了解iOS系统原理,熟悉移动终端特性和解决方案，熟悉API调用、多线程、网络相关知识，熟悉UI布局和控件的使用，有较好的界面还原能力,   同时有一定的自定义控件能力；对iOS性能优化、内存优化有一定的经验；4、拥有良好的代码习惯，代码结构清晰、命名规范，提高代码的可阅读性；5、积极主动、认真踏实、有良好的沟通能力和团队合作精神，有责任心、抗压。职能类别：iOS开发工程师软件工程师关键字：软件开发ios开发微信分享"
iOS开发工程师,15000.0,10000.0,成都市高新区孵化园9号楼F座610,成都,大专,"带薪年假,五险一金,绩效奖金,全勤奖,节日福利,专业培训,股票期权,员工旅游,年终奖金",岗位职责：1.公司产品的业务功能实现；2.APP维护（程序打包、程序升级）；3.APP相关插件功能的编写及接受；4.APP底层框架升级，维护及优化；5.研发部门APP培训，培训文档、培训考试；6.研发部门APP技术支持；7.APP框架整改及技术更新研究；任职要求：1.全日制统招大专（含）及以上，计算机相关专业；2.两年以上IOS相关程序开发经验，可熟练运用Objective-C、Swift进行开发；3.学习能力强，具备良好的沟通能力，良好的理解能力；4.对新技术更新及使用的研究；5. 有Flutter开发经验优先上班时间：9：00—18：00   午休一个半 小时   周末双休薪资待遇：10k—15K福利待遇： 社保（入职买 15号临界点）+不定时下午茶+带薪年假+带薪休假+节日礼品（端午节、中秋节、儿童节等）+新年红包+不定时团建+不定时户外拓展培训等职能类别：iOS开发工程师关键字：ios开发app开发工程师软件开发微信分享
iOS开发工程师,15000.0,10000.0,高新区交子大道177号中海国际中心A座16楼,成都,本科,"五险一金,定期体检,上市公司,团建活动","技能要求：iOS，C++，Objective-C，C语言，软件开发，APP1. 根据项目需要, 开发移动端 iOS App, 完成需求分析, 架构设计, 开发维护；2. 研究实现移动端 iOS 各种优雅交互方式与动画效果, 对 App 视觉细节精益求精；3. 对接音视频引擎, 特效引擎, AI 能力与iOS SDK 的完美融合。任职要求：1. 大学本科及以上学历, 计算机相关专业者优先（优秀者可适当放宽学历）；2. 强烈的的责任心, 良好的沟通协作能力, 具备抗压能力；3. 熟练掌握 Objective-C, 熟悉使用 C++语言；4. 熟练掌握 iOS 多线程开发, 网络开发, 音视频开发. 能独立完成相关工作；5. 至少参与负责过2个大型iOS 应用的架构设计与开发；6. 具备快速高效的开发 各种UI 控件, 各种交互动画的能力。职能类别：iOS开发工程师微信分享"
iOS开发工程师,13000.0,8000.0,华商金融中心1号楼,成都-高新区,本科,"五险一金,年终奖金,节日福利,绩效奖金",岗位职责：1、根据需求和UI以及交互设计，进行客户端程序的开发；2、根据产品设计提出合理化建议，完成程序设计和开发；3、 负责客户端的单元测试及性能优化工作，并编写产品相关的技术文档和代码说明文件；4、 根据公司的业务发展方向，开发设计和完善相应的手机客户端产品。任职要求：1、 计算机相关专业，本科以上学历，1年以上ios开发经验；2、 精通objc，良好的数据结构与算法，熟悉oc内存管理，了解swift；3、 精通ui、动画系统；4、 熟悉多线程编程；5、 良好的debug能力，熟练使用debug工具；6、 较强的逻辑能力，良好的编码习惯。职能类别：iOS开发工程师关键字：ios开发app软件开发微信分享
iOS开发工程师,15000.0,10000.0,天府三街无国界26栋5楼,成都-高新区,大专,"带薪年假,节日福利,交通补贴,股票期权,专业培训,绩效奖金,六险一金,加班补贴,通讯补贴,住房补贴","岗位职责：1、负责移动端IOS客户端的应用开发；2、负责IOS手机平台应用软件的功能设计、编码和测试、代码审核；3、负责产品的应用维护、升级和重构迭代，不断优化产品；任职要求 ：1、具有至少3年以上iOS 相关项目经开发验，很好的团队协作配合、思维活跃、沟通能力 强、具有独立开发App的能力;2、深入理解 iOS SDK，熟悉 Swift 开发, 参与过 Swift 项目优先；3、熟悉RxSwift、ReactiveCocoa等相应式编程框架，熟悉多线程通信，及网络通信；4、具有良好OOP编程思想， 熟悉常用的数据结构与算法、设计模式；5、对性能调优，软件架构、代码复用和代码重构，抽 离业务逻辑，抽离组件，有自己的独到见解，有较强分析和解决问题的能力； 6、熟悉自定义控件, 自定义动画效果，对代码风格有严格要求；职能类别：iOS开发工程师微信分享"
iOS开发工程师,15000.0,8000.0,孵化园1号楼B座427,成都-高新区,大专,"六险一金,专业培训,绩效奖金,年终奖金,股票期权,弹性工作,丰富的下午茶,不间断茶歇",1.根据公司产品策略，开发iOS平台上的应用程序2.负责iOS平台上的技术攻关，确保开发质量；3.负责根据产品需求完成模块设计、编码、编码集成工作；4.根据开发过程中的体验对产品提出改进意见。5.配合完成测试工作、改善软件的易用性，提升用户使用体验；6.参与公司自有产品的研发与维护，产品质量控制，缺陷追踪，重构和产品技术持续改进；7.提供iOS应用程序解决方案，设计架构，组建及核心实施技术；任职要求：1、本科及以上学历，计算机或相关专业毕业；2、2年以上的IOS开发经验， 有较强的阅读代码的能力；3、精通objective-C、熟悉swift， 精通iOS SDK中的UI、多线程和网络、xml/JSON解析等开发技术， 熟悉TCP/IP，HTTP等网络协议4、熟悉iOS平台下的常用设计模式；5、熟悉各种主流手机特性， 精通不同IOS系统版本、屏幕的适配；6、工作细心负责，有一定的抗压能力，能接受加班7、有良好的团队合作精神、积极主动的沟通意识和能力，有强烈的求知欲望职能类别：iOS开发工程师关键字：iosios开发微信分享
iOS开发工程师,10000.0,6000.0,茂业中心C座2501,成都-高新区,本科,"股票期权,五险一金,补充医疗保险,补充公积金,员工旅游,交通补贴,弹性工作,绩效奖金,周末双休,高薪","1、负责公司产品的iOS客户端及微信小程序开发和持续升级；2、实现产品提出的需求，按照设计师的设计实现UI；3、根据项目计划独立完成代码编写和BUG修复；4、编写相关技术文档；5、根据业务变化，不断改善升级产品，保证系统的性能、稳定性及可靠性任职条件：1、本科及以上学历，两年以上软件开发工作经验，两年以上IOS实际开发经验，有微信小程序或者H5开发经验优先；2、熟练掌握Objective-C/swift 以及iOS SDK中的UI,数据库,XML/JSON解析等开发技巧；3、熟悉iPhone平台的网络API，熟悉Socket/HTTP编程； 熟悉iPhone开发技术，包括UI、网络等,熟悉iPhone开发工具和相关开发测试工具的使用优先；4、逻辑思维能力强，思路清晰，有简单英文阅读能力，能够独立进行项目开发。职能类别：iOS开发工程师微信分享"
iOS开发工程师,24000.0,12000.0,武侯区科华北路力宝大厦南区2201,成都-武侯区,本科,"节日福利,专业培训,带薪年假,补充医疗保险,年终奖金",一、我们需要您：1、负责移动产品的功能研发和性能优化，完成高质量编码和测试工作；2、和产品经理配合，深度参与手机产品需求讨论，功能定义等；3、设计良好的代码结构，不断迭代重构；4、承担重点、难点的技术攻坚。二、我们期待这样的您：1、熟练掌握Swift、Objective-C。2、熟练掌握RxSwift或其他函数响应式编程框架。3、熟悉网络通信机制及常用数据传输协议，并有成熟的弱网优化方案；4、具有扎实的编程功底，良好的设计能力和编程习惯，有较好的产品意识。5、有较强的学习能力，积极乐观，责任心强，工作认真细致，具有良好的团队沟通与协作能力三、我们能给您的：1、行业前景：高速发展期，政策支持力度大，一个改变行业的机会2、公司平台：已获得三家一线资本投资，公司年度增速100%，未来全国10年50城1000校3、工作氛围：友爱活泼的年轻群体，扁平化的管理，一起成长的平台职能类别：iOS开发工程师微信分享
IOS 初级开发工程师（成都乾隆）,10000.0,5000.0,锦江区 东大街下东大街段216号 喜年广场A座 1602-1606号,成都,本科,"周末双休,五险一金,带薪年假,员工旅游,交通补贴,餐饮补贴,专业培训,绩效奖金,年终奖金,定期体检","岗位描述：1.初级iOS开发工程师；2.根据需求在iOS移动端进行APP的设计与开发；3.参与移动端的接口开发，架构设计；4.独立完成开发工作，进行模块测试，保证代码的质量；5.可以保证产品的正常运行以及维护升级。任职要求：1、本科及以上学历，软件或计算机相关专业，有前端html5开发经验优先；2.、有1年工作经验或优秀应届毕业生，熟练掌握Objective-C,了解swift，了解c++，能使用Objective-C与c++进行混编；3、熟悉Cocoa框架，熟练使用各种原生UI组件；4、参与过iOS App项目开发，熟悉发包流程；5、熟悉App上架流程并实际上过架；6、有良好的代码习惯，要求结构清晰，命名规范，逻辑性强；7、良好的沟通能力、学习能力和执行力，强大的责任心。职能类别：iOS开发工程师关键字：ios软件开发开发app开发工程师ios开发前端html5Objective-C微信分享"
iOS开发工程师,10000.0,5000.0,成都高新西区天映路11号人才中心2号楼21楼,成都-郫都区,本科,"五险一金,年终奖金,节假日","1. 负责IOS客户端的架构设计和功能设计；2. 负责参与产品的功能研发，代码编写，单元测试和bug修复工作；3.负责编写产品的程序设计、测试等技术相关文档。任职要求：1. 全日制本科及以上学历，计算机相关专业，具有2年以上IOS项目开发经验；2. 精通Objective-C/SWIFT语言，熟练掌握Xcode等开发工具，熟练掌握iOS SDK；3. 熟悉iOS下网络通信机制，多线程处理，代理、单例，block等模式应用，有高性能客户端编程经验；4. 熟悉iOS系统及常用framework，对Runtime, 消息机制，内存管理、对象生命周期有清晰的认识；5. 熟悉iOS UI控件，能实现较复杂的界面和视觉效果, 处理好与数据的逻辑关系并保证稳定性。6.具有良好的分析问题和解决问题的能力，勇于面对挑战性问题。职能类别：其他微信分享"
iOS开发工程师,12500.0,16666.0,成都天府新区天府大道南延线麓湖艺展中心,成都-高新区,本科,"专业培训,定期体检,年终奖金,绩效奖金,五险一金,免费班车,节日礼物",1、负责iOS客户端软件的产品开发与维护；2、按照项目计划，按时提交高质量代码，完成开发任务；3、规范文档的编写、维护，以及其他与项目相关工作；4、按时按需完成客户端软件的维护及更新；5、不断优化移动产品的质量、性能、用户体验。职能类别：软件工程师微信分享
iOS开发工程师,18000.0,10000.0,新中泰国际大厦3405,成都-高新区,本科,"五险一金,周末双休,电脑补贴,弹性工作","1.负责iOS平台应用软件的开发工作；2.负责新产品的可行性研究工作；3.根据项目需要快速学习并掌握新技术，满足产品需求。任职要求1.本科及以上学历，计算机、电子或通信相关专业优先；2.3年及以上iOS实际开发经验，有大型iOS项目、电商项目开发经验优；3.熟悉HTTP、TCPIP协议、Socket通信 。熟悉Sqlite数据库及SQL语句编写；4.熟悉Swift语言，对Swift有深入的理解。熟悉iOS开发基本框架；5.具有良好的文档组织能力，自学能力和积极主动的沟通意识以及团队意识；6.了解iOS性能指标及原理,有性能优化经验；7.熟悉常用第三方框架（如AsyncDisplaykit/Texture）。职能类别：iOS开发工程师微信分享"
iOS开发工程师,15000.0,10000.0,天府三街新希望国际B座317室,成都-高新区,大专,"五险一金,年终奖金,绩效奖金",1.负责iOS App产品的需求分析、详细设计以及开发工作；2.根据项目任务计划按时完成软件编码和单元测试工作；3. 按照开发流程编写相应模块的设计文档；4. 具有主动性，积极学习；5. 完成分配的开发工作；6. 协助项目经理保证研发工作的质量和进度；任职要求：1.大学专科或以上学历，2年以上iOS相关经验，有React Native、Taro、React、es6、js、typescript经验优先2.拥有一定Objective-C经验，了解设计模式，熟悉C，C++，swift3. 熟悉Cocoa/UIKit Framework，熟悉CoreAnimation，熟悉iPhone/iPad各个版本之间的差异，并且能够提供良好的解决方案；4. 熟悉HTTP/JSON/web socket和XML等网络协议，熟悉多线程及面向接口编程，熟悉SQLite数据库编程；5. 了解iOS性能优化经验; 使用过Xcode的Instrument来诊断和调试问题; 熟练编写Xcode下的单元测试;了解Xcode下的自动化测试;6. 较强的逻辑分析能力和应变能力；良好的团队合作精神；能独立开展各项工作，思路清晰，良好的学习能力，良好的英文资料阅读能力；7. 加分项：拥有ios保活相关经验、ios打包自动化、拥有jenkins经验、熟悉shell或者其他脚本语言职能类别：iOS开发工程师微信分享
IOS中级开发工程师,15000.0,8000.0,科园二路10号,成都-高新区,本科,"五险一金,餐饮补贴,定期体检,绩效奖金,专业培训,补充医疗保险,周末双休",职位职责：1、根据需求和UI以及交互设计，完成移动端APP的开发工作。2、对现有APP功能模块根据需求进行升级、维护。3、参与APP在各应用商店的审核、上线工作。4、负责移动端需求分析、开发工作。5、负责移动端性能分析、结构优化工作。6、参与产品需求分析并制定相关技术实施方案。7、相关技术文档撰写。8、完成领导交办的其它工作任务。任职要求：1、计算机或相关专业本科及以上学历；2、3年以上iOS开发经验；3、深入理解Objective-C Runtime运行机制和内存管理机制；4、深入了解各个不同iOS版本的特性与差异并有丰富适配经验；5、熟悉网络通信机制及常用数据传输协议，并有成熟的弱网优化方案；6、负责过客户端通用底层库和SDK封装；7、良好的沟通表达能力和团队合作精神，抗压能力强；8、有开源开发经验者优先。职能类别：软件工程师关键字：周末双休带薪年假五险一金年终分红加班补助节日福利专业培训立即上岗补充医疗保险定期体检微信分享
IOS开发工程师,9000.0,6000.0,高朋大道5号B座,成都-武侯区,大专,"社保,带薪年假,定期体检,节日福利","职位职责：1、根据业务需求，基于iOS平台进行移动端应用程序开发设计、实现及功能维护；2、独立完成手机软件设计、编码和单元测试工作，确保开发质量；3、提供iOS应用程序解决方案，设计架构，组建及核心实施技术；4、学习和研究新的移动互联网技术以满足产品的需求。任职要求：1、专科及以上学历，计算机软件或相关专业优先2、2年以上IOS移动应用开发经验；3、熟悉Objective-C，有swift开发经验优先，熟悉面向对象的程序设计方法和常用UI组件、网络库和常用的第三方库4、能够独立负责App开发，有独立解决问题的能力，独立上架的能力；5、 参与过应用性能优化，有内存，渲染 ，耗电优化的实际经验6、有良好的编程习惯, 代码结构清晰, 命名规范职能类别：iOS开发工程师微信分享"
iOS开发工程师,18000.0,10000.0,香年广场T2,成都-高新区,本科,"五险一金,补充医疗保险,年终奖金,带薪年假",1、本科及以上学历，计算机或相关专业毕业；2、2年以上的IOS开发经验，有较强的阅读代码的能力；3、精通objective-C、熟悉swift，精通iOSSDK中的UI、多线程和网络、xml/JSON解析等开发技术，熟悉TCP/IP，HTTP等网络协议4、熟悉iOS平台下的常用设计模式;5、熟悉各种主流手机特性，精通不同IOS系统版本、屏幕的适配；职能类别：iOS开发工程师微信分享
1121VB-资深IOS开发工程师 (职位编号：1121VB),25000.0,20000.0,无,成都-锦江区,本科,"节日福利,五险一金,带薪年假,绩效奖金",1、系统开发：负责IOS的APP开发工作，带领开发团队完成IOS App的需求讨论、设计、开发工作；2、框架建设：负责核心代码的编写、框架设计和搭建、关键技术选型等工作;3、团队管理：指导团队成员的设计和编码，保证开发质量和进度，提高团队开发效率；4、方案研攻：跟进行业内***的动态，研究新的IOS解决方案，并进行相关技术的预研以及攻关，引入合适的工具和方案到系统开发中；5、技术培训：组织和提供部门内的IOS技术培训。任职资格：1、本科及以上学历，5年以上iOS开发经验，主导开发过较复杂的应用产品;2、熟悉设计模式，熟悉TCP/IP、HTTP等常见通讯协议；3、精通Objective-C、swift开发，对IOS常用组件、内存管理、运行时等有深刻理解，熟练使用性能检测工具，对性能优化提出行之有效的解决方案并实施;4、掌握数据加密、代码混淆、防破解等技术，有主动安全意识；5、熟悉一门或多门语言（如：Node、python、Java、前端），并有相关实践优先考虑；6、具备优秀的团队协作精神，能利用自身的技术优势提升团队整体的研发效率，提高团队影响力；7、良好的沟通与表达能力，善于和各种背景的人进行合作，有较好的学习能力和强烈的进取心、有强烈的责任心和创新意识，业务逻辑理解与分析能力强。职能类别：Web前端开发微信分享
iOS开发工程师,25000.0,20000.0,朗山路15号,成都-锦江区,大专,无,职位描述1、负责iOS App产品的需求分析、详细设计，构架设计以及开发工作2、根据项目任务计划按时完成软件编码和单元测试工作3、按照开发流程编写相应模块的设计文档4、解决研发过程中的关键问题和技术难题任职要求1、大专或以上学历，计算机、通讯相关专业优先2、3年以上iOS应用开发经验，有个人上架作品优先3、具备强烈的进取心和责任感，极强的学习能力以及团队合作精神职能类别：iOS开发工程师微信分享
IOS逆向开发工程师,20000.0,15000.0,新川时代中心3楼,成都-高新区,大专,"带薪年假,节日福利,移动互联网,团队氛围好,免费零食,五险一金,餐饮补贴,定期体检,绩效奖金,补充医疗保险",岗位职责：1、负责iOS相关产品越狱插件的编写及维护；2、负责iOS逆向分析工作。任职要求：1、熟悉iOS应用开发；2、熟悉整个iOS系统架构，熟练使用objective-C语言，熟练使用Xcode等工具，熟悉开发流程；3、熟悉iOS中常用框架和库；4、熟悉iOS的UI开发；5、熟悉xml，plist，json等常用格式；6、有越狱插件开发经验(必要)；7、有检测越狱经验和防作弊经验优先。加分项：1、了解AWZ，ALS，Zorro的原理，并有思路检测其是否存在；2、熟练掌握iOS逆向静态分析，动态调试及Hook技术；3、熟悉iOS常用的反混淆方法；4、熟悉Ida、Frida、Gdb、lldb、cycript、theos、Hopper、Disassembler、otool等工具的使用；5、有较强的逆向分析能力和软件破解经验；6、了解LLVM以及汇编混淆经验；7、热爱逆向分析开发工作，富有团队协作精神，热爱专研，有较强的分析和逻辑思维能力。【福利待遇】：1、拥有全行业富有竞争力的薪酬体系，五险一金；2、其他福利：年终奖、加班补贴，加班餐补；3、带薪休假：享有带薪休假，享受国家规定假期（法定假日、婚假、产假等），另工作满一年的员工按公司规定享受5天的带薪年假；4、文娱活动：公司不定期组织各种下午茶、团队建设、文娱活动；5、发展空间：公司拥有良好的技能培训、健全的晋升机制和人性化的管理方式，对表现优秀的员工，公司将予以晋升。职能类别：网络安全工程师关键字：ios逆向ios开发软件工程师微信分享
iOS开发工程师 (职位编号：08),10000.0,5000.0,武兴一路15号大地世纪1栋5楼,成都-武侯区,本科,"员工旅游,年终奖金,弹性工作,定期体检,交通补贴,五险,健身房,包吃包住,股票期权,创业基金",一、岗位职责：1. 参与项目需求调研与需求分析；2. 根据要求高效率高质量的完成开发任务；3. 团队协作完成开发任务；4. 根据项目具体需求，学习相关知识技能，独立完成软件功能实现；二、岗位要求：1. 大学本科及以上学历，计算机、软件工程、数学相关专业优先 ；2. 熟悉Objective-C，有swift开发经验优先，有较好的按照代码标准编码的习惯，熟练使用Xcode开发环境，熟悉iOS SDK及iOS平台下的UI设计和实现；3. 若有工作经验需要有独立解决问题的能力，独立上架的能力；4. 学习能力强，对编程有浓厚的兴趣，思维活跃，有较强的逻辑能力；5. 良好的团队协作. 沟通表达. 问题解决能力，能承受压力，强烈的责任感和进取心 ；6. 经验要求：0-2年开发经验（毕业算起），可实习。三、福利待遇1.周末双休;2.包三餐（自己的员工食堂，早餐牛奶/稀饭自选，另有配菜、蛋糕、鸡蛋等，午餐两荤三素一汤，另有餐前水果，晚餐面条/稀饭+包子）；3.包住宿（宿舍在公司附近1KM内，水电物业燃气公司报销）；4.每月交通补贴80元；5.入职一个月内购买五险；6.生日福利、节日福利；7.每年组织一次体检；8.开工红包；9.舒适的办公环境，公司自己的健身房；10.可申请大学生创业基金、互助基金、可入股分红、住房贷款等欢迎您的加入，有意向者放心大胆地把简历砸过来吧！职能类别：iOS开发工程师关键字：iosios开发软件开发微信分享
iOS开发工程师,15000.0,10000.0,天府二街绿地之窗1栋8楼,成都-高新区,大专,"五险一金,员工旅游,定期体检,专业培训,弹性工作,年终奖金",1、负责iOS App产品的需求分析、详细设计以及开发工作；2、按照开发流程编写相应模块的设计文档；3、具有主动性，积极学习；任职要求：1、大学专科或以上学历，2年以上iOS相关经验，有React Native上线项目经验；2、拥有一定Objective-C经验，熟悉C，C++；3、了解iOS性能优化经验; 使用过Xcode的Instrument来诊断和调试问题; 熟练编写Xcode下的单元测试;4、较强的逻辑分析能力和应变能力；良好的团队合作精神；能独立开展各项工作，思路清晰，良好的学习能力，良好的英文资料阅读能力。职能类别：iOS开发工程师关键字：ios前端开发app产品微信分享
iOS开发工程师,15000.0,8000.0,一环路东五段46号天紫界商业大厦7楼,成都-锦江区,大专,"五险一金,专业培训,绩效奖金,年终奖金,下午茶,带薪旅游,周末双休,朝九晚六","任职要求：1.本科及以上学历，计算机等相关专业2.三年以上IOS应用开发经验，有大型项目经验优先3.有良好的沟通协作能力4.有3个及以上线上作品并拥有一定的用户量5.同时具备使用 Objective-C，Swift 开发复杂 iOS App 的经验6.根据产品需求实现各个功能模块,并确保开发进度和开发质量7.参与客户端产品的需求分析完成功能模块设计工作职责：熟悉 Swift，能够使用 Swift 进行项目开发熟悉 iOS 包管理及发布流程，有过构建 CI/CD 相关的经验熟悉IM，有过相关开发经验熟悉 iOS Framework 的构建过程，有过基础组件相关的开发经验对音视频，网络，缓存，图片性能优化等领域有更深层次的了解负责iOS应用的设计及研发根据产品需求完成架构和模块设计、编码、测试等工作职能类别：iOS开发工程师微信分享"
iOS开发工程师,15000.0,10000.0,益州大道1800号天府软件园G区G4栋11楼,成都-高新区,大专,"周末双休,带薪年假,五险一金,节日福利,交通补贴,餐饮补贴,通讯补贴",岗位职责：1.负责公司规划的App ios系统平台上的客户端软件产品的研发设计与迭代升级；2.与产品经理持续沟通，独立完成产品开发工作，并及时验证和修正测试中出现的问题；3.根据应用需求和用户体验来完成架构与相关模块的搭建、编码、测试、修正等工作；4.能按照研发项目的实际需求，及时调整，按时提交高质量的代码，完成定制的开发任务；5.保证开发的产品系统稳定、快速、安全地运行，同时不断学习前沿技术，进行创新改造。岗位要求：1.熟悉 C语言基础2.熟练掌握 swift 及 Objective-C 语言3.熟练掌握 App开发调试、 异常跟踪、 自动化测试工具相关知识4.了解 App 的打包及上线 AppStore5.熟悉 XCode开发环境使用6.了解 iOS 下音视频相关处理满足以下跨平台APP开发经验者优先1.熟悉 ReactNative 框架开发跨平台 App2.有金融行业相关经验者优先3.熟悉国密手机相关加密技术者优先。4.了解Android开发者优先。职能类别：iOS开发工程师微信分享
iOS开发工程师,12000.0,6000.0,生物医药创新孵化园,成都-高新区,本科,"五险一金,年终奖金,定期体检,绩效奖金,周末双休,带薪年假,节日福利",1.有扎实的 Objective-C/Swift 基础，丰富的 UI 开发经验2.熟悉iOS开发常用设计模式、多线程程序设计、数据持久化、网络通信、动画效果实现、接口布局设计、XML/JSON解析等方面知识3.有主流开源组件使用经验4.熟悉iOS操作系统运行机制，熟练掌握Xcode及代码编程规范，对面向对象编程有深刻的理解岗位要求：1.本科及以上学历2.英语四级或以上人员3.三年以上iOS开发经验职能类别：iOS开发工程师关键字：Objective-CSwiftXcodeios开发微信分享
IOS开发工程师,12000.0,9000.0,城守东大街段6号蓝光大厦,成都-锦江区,大专,无,"1、负责Iphone/Ipad客户端软件研发与编码及功能的持续改进；2、负责跟进移动平台终端技术，根据公司的产品计划进行IOS技术研究，并进行产品化。职务要求：1、计算机、电子信息技术及其相关专业大专以上学历，2年以上行业工作经验(实习生除外)；2、熟练运用Objective-C/Objective-C++语言；3、熟悉C/C++语言；4、 有Flutter 或 js开发经验优先；5、对Socket通信、TCP/IP和http/https有较深刻的理解, 熟悉Json/XML；6、丰富的IOS平台UI开发经验，Cocoa Touch框架，熟悉MVC模式、熟悉设计模式；7、熟悉IOS架构体系，熟悉IOS开发及测试工具的使用；8、有独立开发应用的能力，能独立分析和解决IOS开发中的问题；9、能承受较强的工作压力，乐观、开朗、共同学习进步的意识，思路清晰，思维敏捷，快速的学习能力。10、熟练使用coreData，Storyboard。11、熟悉常用分享框架如:twitter,facebook,emails.职能类别：iOS开发工程师关键字：ios软件开发开发工程师微信分享"
iOS开发工程师,18000.0,13000.0,青羊区成飞大道189号全友家私,成都,本科,"定期体检,专业培训,节日福利,带薪年假,交通补贴",一、职位职责：1、根据业务需求，基于iOS平台进行移动端应用程序开发设计、实现及功能维护；2、独立完成手机软件设计、编码和单元测试工作，确保开发质量；3、完成与工作相关的技术文档编写工作；4、配合测试人员进行程序的测试和Bug修正；5、改善软件的易用性，提升用户使用体验，重构和产品持续改进；6、学习和研究新的移动互联网技术以满足产品的需求。二、任职要求：1、本科及以上学历，计算机软件或相关专业，3年以上IOS移动应用开发经验；2、掌握基础数据结构及常见设计模式，熟练掌握Objective-C或Swift开发；3、有丰富的UI开发经验，对自定义UI，UI性能优化，解决兼容性能力；4、能够独立负责App开发，有大型App开发上线经验优先；5、熟悉常见开源库及实现原理，会 vue html 安卓者优先；6、良好的协作沟通能力，乐于分享，能够深入专研技术。三、工作地址：成都市青羊区成飞大道189号四、交通路线：公交：乘坐32、78、229、772、G30路等至【成飞大道站】下车行进100米；地铁：方式1、乘坐地铁4号线至【成都西站】A1口出，换乘公交G30、772、32、226A至【成飞大道站】行进100米方式2、乘坐地铁4号线至【中坝站】B口出，骑行共享单车1.4km。职能类别：iOS开发工程师微信分享
iOS高级开发工程师,30000.0,15000.0,天府五街菁蓉汇1栋C座4楼,成都-高新区,本科,"五险一金,补充医疗保险,补充公积金,年终奖金,弹性工作,定期体检,员工旅游,绩效奖金",职位职责1. 负责产品移动端（iOS）构架设计、基础组件开发、性能优化等工作；2. 负责APP代码调试、测试和后续的升级维护等工作；3. 参与需求、概设评审及业务方案的设计并能给出自己的建议；4. 编制项目相关的各类技术文档，完成团队内知识传递；职位要求1. 本科及以上学历，计算机相关专业，211/985以上学历或者大厂经验优先考虑；2. 三年以上iOS软件开发经验，有完整的商业级手机应用产品开发经验；3. 具有独立开发App的能力；4. 熟悉App开发的主流框架和开发模式；5. 精通 Swift或Objective-C，精通Swift优先，对熟悉iOS的常用开发工具；6. 熟悉APP内存占用、耗电、网络、UI渲染等性能方面的分析和优化方法；7. 了解常用的Debug工具和方法，熟练掌握异常处理机制；8. 良好的团队协作精神，较强的主动性，勇于承担任务，具有良好的沟通能力9. 学习能力强，有较强分析和解决问题的能力，对软件架构、代码复用和代码重构有自己的独到见解。？ 加分项1. 参加过开源项目2. 有自己的技术博客3. 有微信小程序开发经验4. 独立开发APP并上架APP store职能类别：iOS开发工程师微信分享
iOS开发工程师,,,成都市锦江区红星路三段1号IFS国际金融中心2号办公楼2501-2506单元,成都-锦江区,本科,"五险一金,补充医疗保险,定期体检,年终奖金,弹性工作","Join a team that is changing millions of lives.Transforming smiles. Transforming lives. Transforming an industry.At Align Technology, we believe a great smile can transform a person’s life, so we create technology that gives people the confidence to take on whatever’s next. We revolutionized the orthodontic industry with the introduction of the Invisalign system, and we have never lost sight of that spirit of innovation. Our teams are constantly pushing the boundaries of what’s possible.Ready to join us?About this opportunityAlign Technology is the industry leader and innovator in medical devices which focuses on revolutionizing the dental and orthodontic industry. Align Technology is looking for a IOS Developer as part of the growing web development team in APAC. This exciting role would be part of a culture that is helping to improve lives every day through digital dentistry.In this role, you will…？ Responsible for requirements definition, design, implementation and maintenance of mobile applications on iOS platform.？ Responsible for working with business owners to propose high-quality user experience solutions.？ Works with other teams to identify priorities for releases.？ Mentor other developers, ensuring the quality of their code and designs.？ Defines best practices and coding standards for mobile application team.？ Ensure application development principles, standards, and best practices are followed for each project.？ Review of merge requests made by other engineers.？ Responsible for working with tertiary groups such as Security, Architecture, IT Operations, and QA to ensure quality design, delivery, and adherence to corporate standards.？ Helps to scale the team, tooling and our workflows.？ Other Duties may be assignedIn this role, you’ll need …？ A 'can do' attitude, high energy, and creativity are required along with organizational skills and ability to handle multiple tasks.？ Strong interpersonal, oral, written, and visual communication skills, with ability to present findings concisely and effectively.？ Ability to collaborate effectively with developers, program management, and marketing about objectives, requirements and design constraints.？ Solid understanding of agile development principles, careful attention to detail, as well as ability to design solutions for multiple product requirements.？ High level of technical aptitude and ability to learn new technical systems and tools quickly.Education and Experience？ BS/MS degree or equivalent.？ 5+ years’ experience building native, web and hybrid applications for iOS platform.？ Strong Experience with Swift and Objective C.？ Experience working with iOS frameworks such as Core Data, Core Animation, Core Graphics and Core Text.？ Experience in dealing with different screen sizes.？ Experience with test automation - XCTest / XCUITest.？ Experience with app deployment to App Store as well as in-house distribution.？ Portfolio of published applications is required.？ Experience with building UI/UX design and interactions.？ Good understanding of Apple design principles and interface guidelines.？ Good understanding of server side technology.？ Good understanding of mobile platforms, device manufacturers, and mobile browsers.？ Good understanding of memory management in mobiles？ Experience in using Git source control.？ Experience with multi-threaded programming？ Familiarity with Mobile Analytics SDKs？ Demonstrated teamwork skills with a solid analytical and statistical background.？ Collaborate effectively with UX Designers, Developers, and Designers？ Knowledge in AWS and Heroku is a plus？ Knowledge in Ruby is a plus？ Knowledge in Android platform is a plus？ Excellent communication skills？ Analytical mind and problem-solving aptitude？ Strong organizational skills？ Team playerSound like a good fit?Great! Click the Apply link below to let us know you are interested.  Not the right fit?  Don’t worry, there are lots more opportunities.  Please consider sharing this opportunity with others in your network.About AlignInvisalign clear aligners, iTero Intraoral scanners, and OrthoCAD digital services that help dental professionals achieve the clinical results they expect and deliver effective, cutting-edge dental options to their patients.职能类别：移动开发工程师关键字：iosSwift微信分享"
iOS开发工程师,20000.0,15000.0,新源道20号(天狮国际健康产业园内),天津-武清区,本科,"五险一金,定期体检,通讯补贴,绩效奖金","职责描述：1、3年以上工作经验，全日制本科学历及以上；2、精通0bjective-C、 Swift 等i0S相关技术栈，熟悉MVC等设计模式；3、电商经验；4、视频项目优先。任职要求：1、计算机相关专业本科及以上学历，3年以上ios 开发经验；2、有扎实的数据结构、算法等计算机知识基础，有良好的代码习惯，精通常用的软件架构和设计模式;3、精通0bjective-C、 Swift 等iOS相关技术栈，熟悉MVC等设计模式，熟悉CocoaPods等 工具框架;4、精通iOS客户端相关技术栈，包括但不限于网络通信、安全、数据存储等等;5、熟悉cocoapods私有库封装，了 解第三方开源代码的实现原理，如: AFNetWorking、 SDWebImage和YYMode1等；6、熟悉i0S开发技术和各i0S版本特点，能熟练使用i0S开发及测试工具;7、具有良好的i0s工程实践能力，能够独立解决有- -定复杂度的问题，包括稳定性监控，性能优化等；8、具备大型应用的架构设计能力及实战经验,有Flutter或者RN，Weex等混合开发经验优先；9熟悉使用AVCaptureSession、 ARKit AudioUnit 采集视音频的的流程的优先；10能熟练使用AVFoundation 框架处理多条音轨和多条视频轨道的合成操作的优先。职能类别：iOS开发工程师关键字：ios软件开发ios开发微信分享"
iOS开发工程师,12000.0,9000.0,宗申赛纳维54栋大唐房屋总部,成都-双流区,本科,"弹性工作,带薪年假,绩效奖金,全勤奖,专业培训,节日福利","1、本科及以上学历，计算机、电子或通信相关专业优先;2、2年及以上IOS实际开发经验，有大型IOS项目开发经验优;具有2年以上维护过上架App经验;3、熟悉HTTP、TCPIP协议、Socket通信 ；熟悉Sqlite数据库，及SQL语句编写；4、熟悉Swift语言；熟悉iOS开发基本框架，对Swift有深入的理解；5、熟悉iOS图形绘制，基本的图形变换；能编写常用iOS动画效果；6、具有良好的文档组织能力，自学能力和积极主动的沟通意识以及团队意识；7、了解iOS性能指标及原理,有性能优化经验；8、有线上上架APP至少2个职能类别：iOS开发工程师关键字：ios开发微信分享"
iOS开发工程师,15000.0,10000.0,中海国际A座11楼milanoo,成都-高新区,大专,无,岗位职责：1、完成公司iOS软件应用的开发;2、根据产品需求完成架构和模块设计、开发工作;3、及时处理、协调和解决项目进程中的问题，保证项目按计划进行;4、追踪前沿技术的发展，结合实际应用需求进行技术的改进与创新;5、改善软件的易用性，提升用户使用体验。任职资格1、本科学历，3年以上iOS开发经验，具有扎实的Objecive-C语言基础。2、熟练掌握iOS开发、测试、调优等技术，以及相关工具的使用，理解Objecive-C  Runtime和内存管理机制，熟练使用多线程，网络编程等技术。3、有良好的编程习惯，代码结构清晰，命名规范。4、具有复杂应用的架构设计能力。5、积极主动，有良好的团队合作精神和强烈的责任感，对移动产品有浓厚兴趣及见解。职能类别：iOS开发工程师关键字：ios软件开发ios开发app微信分享
iOS开发工程师,20000.0,15000.0,天府大道,成都-高新区,无,无,"职位描述：1.负责iOS客户端软件的产品设计、开发与维护；2.根据产品需求完成架构和模块设计、编码、测试工作，具备独立开发项目的能力；3.优化客户端的产品质量、改善软件的易用性，提升用户使用体验；4.完成与工作相关的技术文档编写工作，负责技术难点的解决；任职要求：1.熟练掌握Swift，参与过视频类项目的优先 ；2.掌握ijkplayer的使用，熟悉rtmp协议；3.熟练使用coredata,fmdb,realm4.熟练掌握使用多线程；5.对APP性能优化,内存优化有一定认识;6.熟悉 socket , tcp udp http https等协议7.熟悉runtime ， runloop8.掌握基础动画，关键帧动画 转场动画等9.掌握图像绘制，对图像渲染有一定了解10.具备良好的沟通能力和优秀的团队协作能力；职能类别：iOS开发工程师关键字：ios软件开发ios开发软件工程师音视频微信分享"
iOS开发工程师,20000.0,15000.0,成都-高新区,成都-高新区,大专,无,"1. 负责iOS客户端软件的产品设计、开发与维护；2. 根据产品需求完成架构和模块设计、编码、测试工作，具备独立开发项目的能力；3. 优化客户端的产品质量、改善软件的易用性，提升用户使用体验；4. 完成与工作相关的技术文档编写工作，负责技术难点的解决；任职要求：1. 熟练掌握Swift（必要条件），参与过视频类项目的优先  ；2.掌握ijkplayer的使用，熟悉rtmp协议；3.熟练使用coredata,fmdb,realm4. 熟练掌握使用多线程；5.对APP性能优化,内存优化有一定认识;6.熟悉 socket , tcp  udp http https等协议7.熟悉runtime ， runloop8. 掌握基础动画，关键帧动画 转场动画等9.掌握图像绘制，对图像渲染有一定了解10. 具备良好的沟通能力和优秀的团队协作能力职能类别：iOS开发工程师微信分享"
iOS开发工程师,12000.0,8000.0,人民中路二段29号，泰丰国际广场12楼1201.,成都-青羊区,本科,"五险一金,年终奖金,股票期权","技能要求：SQLite，Swift，MacOS，iOS岗位职责：1、完成项目经理分配相关的app研发工作；2、完成公司iOS相关前沿技术研究；3、收集iOS技术经验，培养新人等工作；4、负责app模块化设计及编码工作；5、定位、解决app中的bug, 修改用户体验，性能优化，执行效率的提高等。岗位要求：1、本科及以上学历，2年以上iOS平台设计与移动互联开发经验；2、精通iOS平台及框架原理以及应用程序的设计和开发；3、精通Objective-C上的各项技术特点，熟悉Swift，熟悉常用的设计模式；4、熟悉iOS app性能优化，对改进移动端用户体验有自己的见解；5、熟悉iOS主流的主流的开发技术、工具以及Instruments；6、有实际AppStore上架经验，熟悉iOS内存管理机制、多线程、Runtime、网络等；7、良好的编程习惯，精通数据结构和面向对象程序设计，有兴趣和能力编写高效而整洁的代码；8、对技术有浓厚的幸福，愿意在技术方面持续钻研，具备较强的学习能力；9、具备很强的抗压能力，良好的沟通表达能力和团队协作精神，能独立推动目标和结果的达成；10、有直播开发经验优先。职能类别：iOS开发工程师关键字：ios软件开发开发微信分享"
iOS开发工程师,20000.0,15000.0,环球中心E1栋1-1-1803A,成都-武侯区,本科,"包工作餐,五险齐全,专业培训,绩效奖金,下午茶,节日福利,带薪年假","岗位职责1、负责公司IOS移动产品的研发,编写高质量的代码；2、和产品经理配合,深度参与手机产品需求讨论,功能定义等；3、设计良好的代码结构,不断迭代重构。岗位要求1、智能手机爱好者和使用者, 追求良好的用户体验；2、热爱移动产品研发, 愿意在移动开发领域深入钻研, 并成为专家；3、良好的编程习惯, 代码结构清晰, 命名规范；4、熟练掌握 Objective-C,熟悉App开发的主流框架和开发模式；5、具备iOS 开发经验,能独立开发 iPhone App 者优先；6、对软件产品有强烈的责任心, 具备良好的沟通能力和优秀的团队协作能力。职能类别：iOS开发工程师关键字：ios开发软件开发ios开发软件工程师app微信分享"
iOS开发工程师,15000.0,10000.0,复城国际广场T2座1303,成都-武侯区,大专,"五险一金,弹性工作,股票期权,年终奖金,绩效奖金",技能要求：Swift  oc岗位职责：1.负责iOS平台的移动开发和产品的维护；2.按项目要求独立完成软件的设计文档、编码实现和单元测试；3.根据公司项目需求，快速掌握新的技能，承担其软件开发任务；4.能使用swift开发优先；能力要求：1.3年以上iOS平台应用开发经验，熟练使用swift者优先；2.具备扎实的OC和swift语言基础，熟练使用多线程，理解面向对象编程，面向协议编程，至少有过一个swift或swift混编项目；3.熟练掌握iOS开发框架，常用的三方开源库、常用的设计模式；4.能快速上手swift项目，了解过rxswift优先5.有较强的解决能力和适应能力，有移动电商经验优先。职能类别：iOS开发工程师关键字：软件开发ios开发微信分享
iOS高级开发工程师,12000.0,8000.0,成都,成都,无,"五险一金,绩效奖金,年终奖金,加班补贴,节日福利,全勤奖",一、岗位职责：1、负责iOS客户端的软件架构设计；2、负责iOS客户端的软件程序开发与维护；3、负责根据产品需求完成模块设计、开发工作；4、学习和研究新技术以满足产品的需求，根据开发过程中的体验对产品提出改进建议；5、协助测试工程师完成软件测试及优化相关工作；6、负责完成部门负责人安排的其他事项。二、岗位要求：1、计算机软件相关专业本科及以上学历，2年以上相关工作经验，有良好的英语读写能力；2、有良好的团队合作能力，善于沟通，主动性强，执行能力强，具备良好的问题定位分析能力；3、精通iOS开发平台及框架，精通Object-C，swift，至少精通一种性能测试工具；4、熟悉移动端特性和开发特点，熟悉TCP、HTTP协议和网络编程相关知识。有以下相关开发经验者优先：- 有上架App作品，简历请附上下载地址- 有开源代码或参与开源项目，简历请附上相关网址- 熟悉敏捷及迭代式开发- 熟悉并开发过iOS BLE SDK相关内容职能类别：高级软件工程师软件工程师关键字：2年以上iOS微信分享
iOS开发工程师,10000.0,6000.0,德商国际B座1005,成都-高新区,大专,"五险一金,补充医疗保险,绩效奖金,年终奖金,节日福利,周末双休",岗位职责：1、负责基于iphone客户端软件的产品开发和维护；2、独立完成手机软件设计、编码和单元测试工作，确保开发质量；3、根据产品需要完成架构和模块设计、编码、测试工作；4、对终端产品的UI/UE有独到的见解与认识，在开发迭代中不断改善用户体验；5、完成于工作相关的技术文档编写工作；6、配合测试人员进行程序的测试和Bug修正；任职要求：1、1-3年相关工作经验，精通iOS平台开发；2、计算机或者软件工程相关专业，专科及以上学历；3、精通Objective-C/Swift开发语言，熟练运用XCode开发工具，能独立开发高性能iOS产品；4、精通iOS下的高性能编程及性能调优；5、熟悉HTTP、TCP/IP通讯协议，具备多线程编程能力；6、思路清晰，善于思考，能独立分析和解决问题；7、责任心强，具备良好的团队合作精神和承受压力能力；职能类别：iOS开发工程师关键字：ios软件开发微信分享
iOS开发工程师,18000.0,9000.0,四川省,四川省,本科,"五险一金,餐饮补贴,交通补贴,绩效奖金,年终奖金,定期体检",岗位职责：1、负责iOS终端应用的设计和开发；2、可以独立完成相关功能的系统设计，编码和测试工作及验证和修改测试中发现的问题；3、在开发过程中，持续配合其他部门进行新需求鉴别、评估和实施；任职要求：1、有过网络直播开发经验者优先；2、OC&swift 语言的基础理解；3、熟悉iOS系统架构及相关技术；4、熟悉iOS SDK中的UI、网络、数据库、XML/JSON解析等开发技巧；5、熟悉常用第三方库的使用，比如:AFNetworking、SDWebImage、PureLayout、MJRefresh等6、熟悉常用算法与数据结构，多线程编程，网络编程等；7、良好的团队协作精神，较强的主动性，勇于承担任务，具有良好的沟通能力；职能类别：iOS开发工程师关键字：融媒体，广电微信分享
iOS开发工程师,15000.0,9000.0,府城大道西段399号天府新谷6号楼1406-1407室,成都-高新区,本科,无,1、IOS应用独立开发、调试、模块维护。2、根据产品需求设计开发app产品功能，与后端一起完成产品功能的上线发布。3、持续优化和迭代负责的app，不断提升用户体验。蓝牙类开发。4、熟悉蓝牙（BLE）开发流程。5、能够熟练运用GIT工具6、熟悉IOS后台、休眠、推送机制7、能够独立完成工作。8、善于沟通，能够融入团队，服从公司安排。任职要求：1、1-3年以上实际开发经验，本科以上学历；2、计算机或相关专业;3、熟悉Objective-C 及 Swift，熟悉iOS网络编程，熟练使用常用控件4、熟练使用RxSwift/RxCooca/Realm 等三方库，熟练运用三方组件：支付、地图等。5、 能适配各种iphone设备的屏幕尺寸，保证程序UI的高还原度，对各个iphone系统版本特性熟悉。职能类别：iOS开发工程师关键字：软件开发iosios开发微信分享
iOS开发工程师,18000.0,12000.0,成都国际科技节能大厦A栋,成都-武侯区,本科,"五险一金,交通补贴,餐饮补贴,专业培训,绩效奖金,年终奖金,弹性工作,员工旅游,通讯补贴",岗位职责：1、负责iOS端应用的功能设计和开发；2、参与服务器交互设计，参与产品讨论；3.、进行程序单元测试、功能测试，缺陷跟踪及质量保证；4.、编制软件设计文档及产品使用说明书；5.、软件维护及优化。任职要求：1、大学本科及以上学历，3年以上软件开发经验，2年以上Swift/Objective-C开发经验，具有良好的英文阅读能力；2、深入理解iOS平台特性，熟悉常用软件架构模式；3、熟悉算法与数据结构，多线程，网络编程等；4、有完整的iOS项目经验，至少参加过一个完整的商业级手机应用；5、有强烈的责任心和团队精神，善于沟通和合作；6、有IoT相关应用开发经验优先。职能类别：iOS开发工程师微信分享
iOS音视频开发工程师,20000.0,10000.0,成都市双流区电子科技大学科技园D8-2栋3楼（建议地图搜索：成都吉祥锐意科技有限公司）,成都-双流区,本科,"五险一金,免费班车,餐饮补贴,绩效奖金,年终奖金",1、负责iOS移动端平台的直播SDK研发；2、负责持续改进性能和用户体验，优化内存等，不断提升视频的清晰度和流畅度；3、基于FFmpeg/AVFoundation等多媒体库实现音视频编解码、拼接、裁剪、加速、转场等功能；4、实现对接移动端平台硬件编解码功能。岗位要求：1、本科及以上学历，计算机专业优先，3年或以上音视频开发经验；2、熟悉 C/C++/ObjectiveC/Swift 等编程语言，能够使用并快速学习其他端的编程语言；3. 熟悉和了解iOS 多线程框架，有多线程相关的开发经验；4. 熟悉iOS音视频框架和原理，熟悉和了解H264，H265等音视频编码，能够针对不同场景进行不同参数调优；5. 熟悉TCP/UDP，RTP/RTCP，RTMP、RTSP等网络协议，并有相关开发经验；6、掌握 FFmpeg/OpenGL 语法，原理与使用；7. 良好的团队协作和文档编写习惯职能类别：iOS开发工程师微信分享
iOS 开发工程师,9000.0,5000.0,高新区天府软件园B3座4层,成都-高新区,本科,"绩效奖金,定期体检,员工旅游,出国机会,五险一金,通讯补贴,年终奖金,弹性工作",该职位可接受IOS实习生，公司提供培训，欢迎应届生投递。岗位职责：1. 面向海外市场开发高品质的 iOS 客户端（应用程序方向）任职要求1. 大学本科或以上学历，计算机相关专业2. 一年以上 iOS 开发经验，掌握APP开发主流框架，熟练掌握 Swift 者优先3. 熟悉各种常用算法和数据结构；熟悉多线程、网络通讯编程4. 具有良好的逻辑梳理能力，能够快速掌握业务功能逻辑体系，具备良好的编码习惯5. 学习能力强，思维敏捷、喜欢钻研，责任心强，能够独立开展工作任务6. 具有优秀的团队合作和沟通协作能力，善于学习，乐于分享7. 有上线的实际作品，自己的技术博客，或在 GitHub 上分享代码者优先8. 加分项：有一定日语能力或对日软件开发经验福利待遇：【平台广阔】外资企业背景，专注海外市场应用，拥有海外出差机会；【快速能力提升】为新员工配备导师，培训多样性；海外项目，挑战性高，提升快；【完善的薪酬制度】每年两次加薪与晋升机会；【保险福利】入职即购买五险一金；【文化福利】年度春游+秋游，年度体检，团建福利多多；【工作与生活平衡】带薪年假，法定节假日，周末双休。有意者请发送简历到该邮箱: recruit@fenrir-inc.com.cn职能类别：移动开发工程师软件工程师关键字：iOSswiftrxswift微信分享
iOS开发工程师,20000.0,15000.0,成都市高新区孵化园,成都-高新区,本科,"五险一金,专业培训,节日福利,全勤奖,绩效奖金,做五休二",1、本科及以上学历，计算机相关专业；2、有从事互联网电商APP项目开发经验，IOS开发不低于3年及以上；3、具备敬业精神，做事情积极主动，具备一定的沟能表达能力；4、能独立做项目的加分。职能类别：iOS开发工程师关键字：ios软件开发ios开发开发软件工程师app工程师开发工程师微信分享
iOS开发工程师,12000.0,6000.0,成都市武侯区人民南路三段二号汇日央扩803室,成都,本科,"年终奖金,社保五险,员工旅游",【岗位职责】1.根据产品需求文档，能够独立完成iOS客户端软件的开发和后续迭代；2.按照项目计划，按时提交高质量代码，完成开发任务；3.能够承担难点技术攻克，重点、新技术预研；4.对所负责模块能够不断进行代码重构、性能调优；【任职资格】1. 本科及以上学历，计算机相关专业，3年及以上ios开发经验；2. 扎实的Objective-C熟悉Xcode开发、调试；3. 熟悉iOS平台ui、网络、数据库、XML/JSON解析等开发技巧；4. 熟悉iOS平台的设计规范、具有良好的编程习惯和代码规范意识；5. 熟悉视频播放器，短视频，直播等多媒体技术优先；6. 熟悉Flutter、RN跨平台开发技术的优先；7. 工作积极主动，勇于承担；有良好的沟通能力、学习能力、解决问题能力；乐于创新、分享；职能类别：iOS开发工程师软件工程师微信分享
iOS开发工程师,12000.0,10000.0,天祥广场B座45B01,成都-高新区,大专,"周末双休,弹性工作,带薪年假,社保","1. 大专及以上学历,计算机相关专业，2年以上IOS开发经验2. 具备扎实的Objective-C/Swift语言基础，对内存管理，多线程，Runtime，持久化，网络，XML/JSON解析等有深刻的理解，精通IOS SDK中的UI组件3. 熟悉微信/支付宝等第三方SDK登录和支付相关集成4. 熟悉IOS常用的开发模式，理解MVC、MVP、MVVM5. 掌握性能调优工具的使用，具备一定的性能优化基础知识6. 熟练掌握通用的设计模式，理解模块化和API设计的思路7. 具有良好的沟通能力，团队协助精神、责任心强，较强的学习能力8. 同时掌握IOS和安卓开发的优先。职能类别：iOS开发工程师关键字：iosios开发软件开发软件工程师微信分享"
iOS开发工程师（实习生）,6000.0,3000.0,人民南路四段45号新希望大厦,成都-武侯区,大专,"五险一金,补充医疗保险,员工旅游,弹性工作,定期体检,绩效奖金,年终奖金,专业培训",岗位职责：从事手机平台（iPhone）的软件开发。任职要求：1、计算机、通信、电子类相关专业，大专或以上学历。2、熟悉C/C++或Objective-C语言，Swift语言，有iOS或者Mac平台App开发经验者优先。3、对iphone开发平台有深入的了解和浓厚的兴趣，熟悉软件开发管理过程，有良好的编程规范及开发技能。4、掌握MAC或Unix系统工作机制，熟悉SQL语言，熟悉TCP/IP协议及网络编程。5、对工作充满激情，学习能力强，有强烈的责任感和进取心，能在压力下工作。职能类别：iOS开发工程师关键字：ios软件开发ios开发软件工程师app微信分享
iOS开发工程师(七险一金+双休）,15000.0,12000.0,二环路南四段51号莱蒙都会2栋1303-1304,成都-武侯区,本科,"五险一金,补充医疗保险,员工旅游,交通补贴,年终奖金,绩效奖金,定期体检,专业培训,早九晚六,周末双休",福利待遇：月薪12K-15K+季度奖金+年终奖。转正可谈薪，每年固定一次涨薪。早九晚六，周末双休，入职即购买社保+公积金+商业保险，带薪年假等。岗位职责：1、IOS应用软件开发。2、IOS软件测试联调。3、IOS软件维护管理。任职要求：1、全日制本科及以上学历，计算机软件相关专业优先。2、三年以上IOS实战应用开发经验。3、熟练掌握OC/Swift开发语言。4、熟悉xib、storyboard、以及纯代码开发技能。5、熟练掌握sqlite、core data等数据持久化技术。6、熟练掌握静态库的封装和应用。7、熟悉delegate/block等回调模式。8、熟悉同步和异步网络交互机制。9、具备良好的沟通能力，反馈主动积极。公司福利：1、入职即购买社保+公积金+商业保险。2、周末双休，早九晚六，享受带薪法定假日、带薪年假等。3、免费定期体检。4、拓展活动及旅游等福利活动。5、相关岗位空缺均采用内部竞聘方式，有广阔的发展平台和晋升空间。6、可提供专业知识培训机会与辅助职称评定、高校深造机会。职能类别：iOS开发工程师关键字：软件开发iosios开发开发app开发工程师微信分享
iOS开发工程师,15000.0,10000.0,宗申塞纳维54栋，大唐房屋总部,成都-双流区,本科,"带薪年假,专业培训,绩效奖金,节日福利","1、本科及以上学历，计算机、电子或通信相关专业优先;2、2年及以上IOS实际开发经验，有大型IOS项目开发经验优;具有2年以上维护过上架App经验;3、熟悉HTTP、TCPIP协议、Socket通信 ；熟悉Sqlite数据库，及SQL语句编写；4、熟悉Swift语言；熟悉iOS开发基本框架，对Swift有深入的理解；5、熟悉iOS图形绘制，基本的图形变换；能编写常用iOS动画效果；6、具有良好的文档组织能力，自学能力和积极主动的沟通意识以及团队意识；7、了解iOS性能指标及原理,有性能优化经验；8、有线上上架APP至少2个职能类别：iOS开发工程师微信分享"
iOS开发工程师,13000.0,9000.0,九兴大道凯乐国际,成都-武侯区,本科,"周末双休,六险一金,4A级写字楼,绩效奖金,节日福利,每年多次调薪,定期团建,员工旅游",岗位职责：1、负责公司规划的 App ios 系统平台上的客户端软件产品的研发设计与迭代升级；2、与产品经理持续沟通，独立完成产品开发工作，并及时验证和修正测试中出现的问题；3、根据应用需求和用户体验来完成架构与相关模块的搭建、编码、测试、修正等工作；4、能按照研发项目的实际需求，及时调整，按时提交高质量的代码，完成定制的开发任务；5、保证开发的产品系统稳定、快速、安全地运行，同时不断学习前沿技术，进行创新改造。任职要求：1、本科及以上学历，2年以上相关工作经验；2、熟练掌握swift语言3、熟练掌握App开发调试、异常跟踪、自动化测试工具相关知识4、了解App的打包及上线AppStore5、熟悉XCode开发环境使用6、了解iOS下音视频相关处理7、熟悉IM通讯类产品或项目研发(Socket 及 HTTP 网络通讯协议)者优先【公司介绍】集团旗下一家立足于“产业互联网一体化解决方案”的服务型高新科技企业。致力于为传统行业提供信息化、数字化、数智化三个阶段的全生命周期建设的调研咨询、落地实施的企业级服务。公司坐落于成都高新区，成立于2016年，团队160余人，核心成员源自华为、阿里等一线互联网公司，其中75%为产研伙伴；公司多以90、95后组成，敢想敢拼，自始至终坚持热情服务、使命必达，多次成功的为客户提供了高质量的数字化建设服务。公司产品线涵盖从经营、营销到生产、到企业内部管理的企业级全产品地图，包含：客户关系管理、销售管理、会员营销管理、店面经营管理、生产管理、库存管理、供应链管理、OKR目标管理、OPDC全过程管理、协同目标推进器等。并通过国际质量ISO9001认证体系，为客户提供全面且高质量的解决方案服务奠定坚实的质量基础。公司先后为餐饮、培训等行业成功的提供数字化解决方案，得到客户、市场和社会的高度认可，先后被高新区政府评为高新企业、雏鹰企业。在提供服务期间积累了多项发明专利、数十项软件著作权，为我们的客户提供足够的技术保障。【上班时间】周末双休，9:00-18:30【公司福利】父母节日慰问费：春节/五一/国庆各500元节日慰问费直接发给父母；生日会，还有父母专属感恩红包200元；结婚生子礼金，你的重要日子，我们都记得；生病住院、直系亲属生病住院，慰问金为员工送上；六险一金：试用期购买六险、转正即购买公积金；年度体检、健身活动日、各种茶点零食、团建活动……招（he）聘（huo）热线：13683459944职能类别：iOS开发工程师关键字：ios微信分享
iOS开发工程师,20000.0,15000.0,吉泰四路88号香年广场T3写字楼,成都-高新区,大专,无,#来公司做什么？1、负责移动端APP研发；2、负责高质量的设计和编码；3、和产品经理配合，探讨产品方案和细节；#我们希望您：1、大专以上学历，计算机、软件等相关专业；2年及以上iOS开发经验，熟练掌握Objective-C/Swift语言；2、熟悉常用算法和数据结构，熟悉网络编程、多线程/异步编程技术；3、能根据UI设计快速完成APP的开发；4、熟悉Apple Store审核机制，能快速定位被拒原因，进行相应调整；5、至少参与2个及以上项目的IOS开发与维护，参与过社交类、视频类产品开发优先。职能类别：iOS开发工程师微信分享
iOS开发工程师-安全子公司,10000.0,8000.0,天府三街腾讯大厦B座/天府软件园C11栋,成都-高新区,本科,无,"工作内容：1、负责智慧社区平台产品版本新功能开发以及相关功能维护；2、与产品、测试及其他团队协作，分析产品需求，制定技术方案；3、负责产品性能优化、质量指标的优化以及团队项目代码的优化。任职要求：1、2年以上相关工作经验；2年以上iOS平台开发经验，2、有Swift 开发经验，熟悉掌握Objective-C编程语言，同时熟练掌握iOS应用开发；3、了解iOS系统原理,熟悉移动终端特性和解决方案，熟悉API调用、多线程、网络相关知识，熟悉UI布局和控件的使用，有较好的界面还原能力, 同时有一定的自定义控件能力；对iOS性能优化、内存优化有一定的经验；4、拥有良好的代码习惯，代码结构清晰、命名规范，提高代码的可阅读性；5、积极主动、认真踏实、有良好的沟通能力和团队合作精神，有责任心、抗压。职能类别：iOS开发工程师关键字：ios软件开发ios开发微信分享"
iOS开发工程师,20000.0,15000.0,人民南路天府大道北段1480号德商国际B座704,成都-高新区,本科,"五险一金,专业培训,交通补贴,绩效奖金","岗位职责 ：1.参与To B项目、产品需求分析与设计，完成IOS端的开发工作 ；2.负责前端核心功能的架构与代码模板编写，对系统核心模块进行开发和维护。任职要求：1.4年以上native IOS开发经验，精通IOS；有RN,flutter经验优先；2.具有原生结合H5实施的经验和方法论；3.具备良好的识别和设计通用框架及模块的能力；4.有团队管理经验，逻辑思维强、注重团队协作。职能类别：iOS开发工程师微信分享"
iOS开发工程师,10000.0,8000.0,天仙桥南路1号国际商务大厦C座12楼,成都-锦江区,大专,"五险一金,补充医疗保险,交通补贴,专业培训,绩效奖金","技能要求：SDK开发，Objective-C，iOS岗位职责：1、参与需求的讨论和评审，完成业务功能与技术模块及框架的实现；2、有良好的设计意识、质量意识及代码规范意识,负责系统iOS代码开发，性能、用户体验优化和维护，解决项目中遇到的问题；3、研究项目中iOS解决方案，并进行相关技术的预研以及攻关；4、协助项目经理分析业务需求，提供建议技术解决方案5、按时保质完成项目经理分配的任务。6、关注移动开发前沿技术，参与新技术的调研和选型。技能要求：1、良好的编程风格，扎实的编程和数据结构算法基础；深入理解面向对象编程思想，具有较强的设计能力；2、思路清晰，善于思考，能独立分析和解决问题，责任心强；3、理解iOS SDK，具有丰富的 Objective-C 及 C/C++ 开发经验；熟练掌握各种UI控件，能够实现复杂的界面交互；4、解iOS系统调用，理解Objective-C的运行机制；掌握iOS平台下的性能调优；5、熟悉AppStore发布流程,有独立开发上线经验；6、关注iOS的新技术、新趋势，主动性强愿意自学提高自身技术水平；7、具有良好学习能力、分析能力和解决问题的能力；8、有强烈的责任心和团队精神，善于沟通和合作，具备责任心、团队意识、服务意识和创新意识；9、热爱互联网新技术，了解并探索业界技术动向；加分项：熟悉其他变成语言，以及其他相关职业技能职能类别：iOS开发工程师关键字：SDKObjective-CiOS微信分享"
iOS高级开发工程师,13000.0,8000.0,中物国际3栋21楼,成都-龙泉驿区,本科,"五险一金,定期体检,专业培训,年终奖金,绩效奖金",1.协助项目经理进行需求分析，设计。2.能够根据需求文档评估工作量并制定开发计划。3.能够指导同组初中级开发工程师工作。4.负责产品中核心功能的代码实现。5.解决产品中的关键问题和技术难题。6.协同产品组和测试人员完成测试。7.上线后主要负维持产品运行正常并持续解决产品运行中的各种问题。任职资格：1.丰富的面向对象分析设计经验及编码实现能力。2.有良好、规范的编程习惯和文档编写习惯。3.良好的沟通、学习能力，工作认真负责，具有团队工作精神。4.熟悉网络通信机制及常用数据传输协议。5.具有扎实的编程基础、数据结构及算法基础和解决问题的能力。6.有3年或以上Android/IOS工作经验。7.熟练掌握java编程技巧，多线程编程技巧，熟练掌握Android/IOS开发。8.深入理解Android、IOS 组件机制，组件通信原理，性能调优， 内存泄露调优。9.深入了解各个不同版本的特性与差异。注：有开源项目的优先职能类别：iOS开发工程师关键字：ios开发微信分享
iOS开发工程师,25000.0,15000.0,天府五街200号菁蓉汇6栋B座7楼,成都-高新区,本科,无,"1、负责基于iOS的移动应用及SDK开发，能够独立完成iOS应用的开发工作2、与后端工程师一起研讨技术实现方案，进行应用及系统整合3、对iOS新技术进行研究，根据开发过程中的体验对产品提出改进建议4、持续对产品开发流程进行改进与优化，提高开发能力和效率，并能通过技术提升用户体验和可用性5、接受其他工作安排职位要求：1、有1年以上iOS开发经验, 熟悉Swift、Objective-C和C语言程序设计，有SDK开发经验者优先2、能够独立解决开发中的技术难题3、熟悉XCode及性能调优工具； 熟练使用iOS各种常用框架，理解系统体系结构及UI绘制原理4. 熟悉iOS框架及各种特性，熟练使用iOS的各种UI组件，了解基本的交互知识；5. 熟悉cocoa touch，core data，iOS runtime，精通iOS下的并行开发、网络、内存管理、GUI开发；6. 有iOS的UI控件优化、网络优化、内存优化、性能调优经验7、熟悉Flutter、React Native项目经验和实践优先8、熟练使用Git常用操作命令9、有强烈的求知欲和进取心，对新技术有持续的热情，有较强的学习能力10、有良好的沟通和表达能力职能类别：iOS开发工程师关键字：iosios开发微信分享"
IOS开发工程师-远程办公,25000.0,20000.0,永澄北路,北京-海淀区,无,"五险一金,补充医疗保险,年终奖金,绩效奖金,弹性工作,定期体检,员工旅游,专业培训,节日福利,远程办公",ArcBlock 是一家领先的区块链技术公司。ArcBlock 旨在重构和优化区块链应用和普通用户、开发者的连接方式，通过将区块链技术、云计算、通证经济相结合，为开发人员提供多样化的工具和服务，方便其更高效、便捷的开发和部署去中心化应用，我们正逐步构建起完整的平台，形成丰富的应用生态。目前我们已经发布的产品包括：?节点：ABT Node：虽然只发布了技术预览版，但定位是整个 ArcBlock 生态入口?DID 钱包: ABT Wallet：方便用户管理自己的资产、卡包、身份等数据，遵循 W3C DID 协议实现，对 DApp 有良好支持?区块链框架: ArcBlock Blockchain Framework：功能完备、且分层可扩展的区块链框架，方便开发者快速启动自己的应用链，支持跨链交易、合约机制我们是怎么工作的？?我们的代码都托管在 GitHub 之上，任务管理和追踪也基于 GitHub 进行?我们使用 Travis 和 GitHub Actions 来运行测试，构建、打包、发布产品?我们编写原生的 iOS 和 Android 移动 App，并充分探索最新的移动开发技术，包括 Flutter，React Native 等?我们使用 Netlify 来部署大部分网站和应用，需要后端的应用则使用 AWS Lambda 来支持?我们使用 Markdown 来编写各种文档、博客、页面，内部工具 XMark 极大的扩充了 Markdown 的边界?我们使用较多的云平台是 AWS 和阿里云，未来我们的产品也会与他们深度整合?我们每个人都为自己的代码编写文档、示例程序、写工程博客、参加学术和技术会议为自己的代码现身说法?我们崇尚结果导向，会通过代码 Review 确保解决方案的优雅?我们崇尚自动化，尽可能的降低项目的上手成本、交付时间?我们尽量不重复造轮子，绝大部分模块、服务从设计之初都会考虑复用工作职责?参与 ABT Wallet 关键功能的设计、实现，提供，设计和实现面向用户的产品功能，交付高质量的软件?参与区块链框架、区块链节点、应用等的改进和迭代?优化各个项目的交付流水线和自动化水平?为我们的客户和合作伙伴提供技术支持能力要求?有 2 年以上互联网或区块链从业经验，良好的工程素养，如代码风格、Git 工作流?有丰富的移动端应用开发经验，对移动端产品质量要求严格，追求细节完美?具备扎实的 Object-C，Swift 语言基础，理解语言特性?熟知打包发布流程，有 AppStore 应用上架经验?能实现较复杂的界面和视觉效果，处理好与数据的逻辑关系并保证稳定性?根据产品要求设计解决方案，推动产品落地的能力?较强的自学能力和比较开放的心态，不断学习新的技术、工具来提高整个团队的效率加分项?熟悉基本的区块链概念和算法?熟悉亚马逊 AWS 或其他云计算（如 Azure，Google Cloud，阿里云等） 工具和技术?有使用 Elixir/Erlang 项目经验?过往经历中展现出来的领导能力、产品能力、工程***实践能力?良好的表达能力：与同行、非技术人员进行有效沟通，再比如文档编写?高质量的 GitHub 开源项目补充说明：什么是我们认为的“全栈工程师”？?ArcBlock 的所有工程师都是“全栈工程师”，也就是我们每个工程师都有能力完成从前端到后端、从设计到编码、从文档到支持、从释疑到布道的全面“端对端”工作?我们认可和理解每个工程师有自己的技能偏好和成长路线，我们认为“全栈工程师”首先是“思想上的全栈”，也就是不把自己封闭在单一的技能和岗位之上，能全面地考虑问题?“全栈工程师”能完整地解决问题，而不需要依赖其他人才能完成工作；但“全栈工程师”善于协同工作和任务分配?“全栈工程师”是一个不断成长的过程，活到老学到老，享受个人成长的过程和学习尝试新技术的乐趣职能类别：iOS开发工程师关键字：swiftiOS开发app移动开发微信分享
iOS开发工程师,12000.0,10000.0,成都市高新区天府四街长虹科技大厦A座,成都,大专,"五险一金,免费班车,员工旅游,餐饮补贴,年终奖金,弹性工作,定期体检",岗位职责：1、负责浏览器测试平台测试工具的开发工作2、负责浏览器IOS平台的自动化测试工作岗位要求：1.熟悉使用Objective-C/swift的语言进行项目/脚本开发，能自主搭建IOS框架及编写代码/有相关项目经验优先~2、一年以上iOS开发经验，.沟通逻辑思维能力强~3、大专及以上，计算机相关专业职能类别：iOS开发工程师关键字：ios开发Objective-Cswiftios自动化测试微信分享
iOS开发工程师,15000.0,8000.0,青羊区文庙后街80号3楼4楼,成都-青羊区,本科,"五险一金,员工旅游,交通补贴,餐饮补贴,定期体检,弹性工作",1、iOS应用的开发与维护；iOS组件设计与开发；2、参与项目重构与框架设计；3、完成相关技术文档的编写；4、领导交办的其他任务。二、任职资格：1、本科及以上学历，计算机或相关专业毕业；2、3年以上的iOS应用开发经验，有较强的阅读代码的能力；3、精通objective-C、熟悉swift，精通iOS SDK中的UI、多线程和网络、xml/JSON解析等开发技术，熟悉TCP/IP，HTTP等网络协议4、熟悉iOS平台下的常用设计模式;5、熟悉各种主流手机特性，精通不同iOS系统版本、屏幕的适配；6、工作细心负责，自我驱动型，乐于接受和挑战新技术，有一定的抗压能力，能接受加班;7、有混合开发经验优先。职能类别：iOS开发工程师关键字：ios软件开发ios开发微信分享
iOS开发工程师,12000.0,6000.0,领事馆路7号保利中心北塔1109,成都-武侯区,本科,"五险一金,带薪年假,高温补贴,定期体检,节日福利,餐饮补贴,专业培训,员工旅游,交通补贴,通讯补贴",岗位职责：负责iOS系统平台上的客户端软件的产品开发与维护；根据产品需求完成架构和模块设计、编码、测试工作；能按照项目计划，按时提交高质量的代码，完成开发任务；其他领导交给的任务。任职要求：1-3年相关工作经验，精通iOS平台开发；计算机或者软件工程相关专业，本科及以上学历；精通Objective-C/Swift开发语言，熟练运用XCode开发工具，能独立开发高性能iOS产品；精通iOS下的高性能编程及性能调优；熟悉HTTP、TCP/IP通讯协议，具备多线程编程能力；思路清晰，善于思考，能独立分析和解决问题；责任心强，具备良好的团队合作精神和承受压力能力；有HTML5开发经验者优先。福利待遇：基础福利：五险一金、全年14-16薪、每年调薪、项目奖金补贴福利：高温取暖补贴、电脑补贴、交通通讯补贴、岗位补贴、司龄补贴、餐补健康福利：健康查体、健身计划、员工及直系亲属大病补充医疗基金家庭福利：探亲报销、结婚生育礼金、儿童保险、产假陪产假、爱基金节日福利：带薪年假、法定节假日、节假日礼品学习发展：新人培训、一对一带教制 、每月培训、EMBA培训班、管理提升计划团队建设：员工旅游、每月团建、员工拓展特色福利：购房支持、购车优惠、司龄礼品工作时间：8:30-17:30，周末双休职能类别：iOS开发工程师关键字：Objective-CSwiftXcode微信分享
中级Ios研发研发工程师,12000.0,7000.0,天府新谷9号楼1单元16层,成都-高新区,本科,"交通补贴,餐饮补贴,通讯补贴,专业培训,绩效奖金,年终奖金,股票期权",岗位职责：1、负责软件的功能模块开发、测试和后续升级工作；2、与产品和UI人员一起完成产品的整个发布周期，保证产品的开发进度；3、负责优化移动产品的质量、性能、用户体验；4、具备良好的文档维护能力，熟练使用SVN管理代码；5、学习和研究新的互联网技术以满足产品的需求。任职要求：1、计算机及相关专业专科及以上学历；2、扎实的C、Objective-C语言及面向对象程序开发基础，有3年以上的ios项目开发经验，至少参加过一个完整的商业级手机应用开发项目；3、熟悉iOS应用开发框架和设计模式，能独立开发高性能高质量APP，熟悉APP发布流程，能独立承担项目；4、熟悉ios下网络通信机制，对SOCKET通信、TCP/IP和HTTP有较深刻的理解和经验，有网络编程经验；5、有较强的代码阅读能力，学习能力，能独立开展各项工作，并承受工作压力；6、有创业激情，认真踏实，有积极的工作态度和良好的团队合作精神；7、有案例展示者优先，有HTML5经验者优先。职能类别：软件工程师高级软件工程师关键字：IOS研发软件工程师app软件开发iosios开发开发工程师工程师微信分享
APP开发工程师,7000.0,5000.0,科华北路62号力宝大厦北楼1301,成都-武侯区,大专,"做五休二,周末双休,弹性工作,带薪年假,五险一金,绩效奖金,专业培训,餐饮补贴,出国机会,员工旅游",主要工作职责：1、负责公司IOS平台产品研发，Android端功能开发。岗位要求：1、有良好的编程习惯，代码结构清晰；2、熟练掌握Objective-c，Swift，熟悉IOS系统原理及特性，熟悉各种UI组件；3、一年以上IOS开发经验，能独立开发IOS APP；职能类别：Android开发工程师iOS开发工程师微信分享
成都-IOT系统开发工程师,24000.0,12000.0,成都双流区东航中心707 708,成都-双流区,本科,"五险一金,专业培训,绩效奖金,年终奖金,定期体检,带薪年假","1、 负责参与公司IoT系统相关模块的设计和研发;2、 参与业务需求分析，确定业务需求实现方案；3、 负责物联网通信终端协议对接、负责各种网络协议，RS485、RS232 串口协议对接；任职要求：1、要求统招本科以上学历，电子、通信、计算机等相关专业；2、具有3年以上物联网应用的相关项目经验，有过中大型系统的架构设计工作，具备多个项目的系统架构设计经验（优秀毕业生可放宽工作经验要求）；3、精通高并发、高性能的分布式系统的设计及应用，熟悉C++，Java等应用；4、熟悉主流关系数据库Mysql等，有sql调优经验者优先；5、精通物联网技术原理，熟悉物联网相关技术趋势, 熟悉物联网相关协议（mqtt）及相关开源项目优先；6、熟悉无线传感网络、以太网、现场总线等通讯技术，了解RFID、ZigBee、Wi-Fi、WIA-PA、蓝牙4.0、UWB等技术，掌握主流传感器应用方案，并具有相关技术的综合组网经验；7、具备物联网或互联网标准制定、传输协议开发经验者优先；职能类别：iOS开发工程师关键字：开发微信分享"
IOS工程师-视频行业能力中心,15000.0,8000.0,成都高新区天府三街腾讯大厦B座7楼,成都-高新区,本科,"五险一金,餐饮补贴,通讯补贴,年终奖金",工作职责:1、 根据需求遵循软件开发流程，能独立完成IOS客户端软件的设计、开发和维护；2、 负责产品的应用维护、升级和重构迭代，不断优化产品；3、IOS 平台开发环境（平台及工具软件）的设计、实现和维护；4、 参与项目的技术论证、接口开发与架构设计；5、能够对技术难点进行攻关，解决产品开发和维护中的技术难题；任职资格:1. 计算机或相关专业，3年以上 iOS 开发经验；2. 熟悉 IOS 架构体系，具备扎实的语言基础，熟悉ObjectiveC、swift 语言各种特性；精通不同ios系统版本、屏幕适配；3. 具备扎实的面向对象思想、常见设计模式有深入了解；4. 良好的编码习惯，对软件性能优化、内存优化有一定的经验；5. 具备较强的设计能力、需求分析能力、表述能力；6. 有音视频、播放器开发经验者优先。职能类别：iOS开发工程师微信分享
高级iOS工程师（大前端方向） (MJ000869),30000.0,20000.0,天府软件园A4,成都-天府新区,本科,"五险一金,补充医疗保险,员工旅游,餐饮补贴,专业培训,年终奖金,弹性工作,定期体检",岗位职责：1、负责公司iOS移动端产品开发；2、和产品经理配合，深度参与手机产品需求讨论，功能定义等；3、参与公司大前端技术栈建设。任职要求：1、计算机相关专业本科及以上学历，3年以上iOS开发经验；2、良好的设计和编码品味，热爱写代码能产出高质量的设计和代码，对稳定性和性能有超乎寻常的关注；3、计算机基础扎实，熟悉常见数据结构、算法和设计模式，熟悉TCP、HTTP、WebSocket等常见协议；4、熟练掌握Objective-c、swift语言，熟练掌握Xcode等相关开发工具，熟悉iOS SDK；5、熟悉iPhone应用开发，熟悉iPhone平台应用软件的测试，有三年以上实际iPhone App开发经验；6、有知名开源作品、有多端开发经验、阅读过知名开源库源码的优先；7、有良好的产品意识，学习能力强，执行力好，积极乐观，认真负责，乐于协作。职能类别：iOS开发工程师微信分享
IOS中级研发工程师,20000.0,12000.0,环球中心E5区17楼1701,成都-高新区,本科,"节日福利,通讯补贴,年终奖金,补充医疗保险,五险,弹性工作,绩效奖金,专业培训",你需要做什么：1、负责公司iPhone、iPad相关APP的开发；2、实现产品提出的需求，按照设计师的设计实现UI；3、根据项目任务计划按时完成高质量的编码；4、参与梳理产品设计的合理性。5、持续改进移动APP性能、安全性、稳定性和可扩展性你需要具备哪些技能：1、3年以上相关工作经验，专科及以上学历计算机相关专业；2、熟悉iPhone／iPad应用开发流程，熟悉iOS常用框架；3、具备扎实的OC基础，对常用SDK有进一步的了解；4、具有良好的OOP编程思想，熟悉常用的算法、数据结构及设计模式；5、对代码优化、重构有自己的见解；6、逻辑思维能力强，思路清晰，有上进心，有一定的英文资料阅读能力；7、工作踏实认真，有较强的负责心，良好的沟通能力和团队合作精神。你可以得到什么：1、一笔不错的回报，多劳多得，公司不吝啬奖励实干的员工；2、公司项目遍布全国各地，你将获得丰富的项目实践经验，了解项目的各项流程，成为“研发领域”平平无奇的小天才；3、公平且多元化的晋升平台，就怕你不敢想；4、节日福利、弹性工作时间等福利。搜索以下关键字都可能适合本岗位：自主产品研发 IOS  手机端开发  苹果开发  ios开发  软件工程师职能类别：iOS开发工程师关键字：iosios开发软件工程师微信分享
安卓工程师（中级）,10000.0,8000.0,金牛区花牌坊北街150号附1号二楼  （丹秋名师堂）,成都-金牛区,本科,"五险一金,专业培训,年终奖金",工作职责:1、负责Andriod平台应用软件设计、开发、运营和维护，；2、负责技术难题解决；3、负责架构通用功能开发；4、对开发功能进行需求设计文档编写。任职资格:1、计算机软件工程等相关专业，专科以上学历，有2年以上Android APP开发经验；2、能够独立开发相关Android APP，有Launcher，System-UI和Setting定制的优先；3、具有Android系统开发经验者优先，熟悉android系统架构，思路清晰；4、熟悉Android UI开发，自定义控件，数据库使用及四大控件的灵活使用；5、熟悉Android优化，缓存技术等；6、工作认真负责，具有良好的沟通能力和团队合作精神，能承担较大工作压力。职能类别：iOS开发工程师微信分享
IOS研发工程师(J10409),25000.0,33333.0,成都市高新区天府四街长虹科技大厦,成都,本科,"五险一金,交通补贴,餐饮补贴,绩效奖金,补充医疗保险,年终奖金,定期体检,通讯补贴",工作职责:1.负责APP网络相关功能设计及开发实现；2.负责创新性APP核心功能开发、重难点的技术攻关。任职资格:1.3年以上移动端项目经验，扎实的数据结构和算法基础，良好的编程习惯；2.精通Objective-C/Swift编程语言，精通iOS系统原理；3.良好的C++功底，有C++终端或平台项目开发经验优先；4.熟练掌握iOS内存管理机制和多线程、内存优化、性能优化；5.熟练掌握网络通信相关开发，有VPN、音视频流媒体开发经验优先；6.有Android开发能力或者RN\Flutter等跨平台开发能力优先。职能类别：iOS开发工程师微信分享
iOS开发-IOG,12500.0,16666.0,天府三街199号太平洋保险金融大厦,成都-高新区,本科,"五险一金,餐饮补贴,专业培训,年终奖金,定期体检",岗位职责：1、根据需求完成Android/IOS软件系统的设计、开发、测试和维护；2、撰写模块设计说明书及相关技术文档；3、对所负责的应用模块进行充分的单元测试；4、对已有系统提供必要的技术支持，并承担相关功能改进任务；5、注重用户体验，研究新技术不断在开发过程中的验证并对产品提出改进建议岗位要求：1、有2年以上的Android/IOS开发经验2、.要求1年以上React Native开发经验，熟练掌握React、Mobx、Redux、React Navigation等框架，且具有1个项目或产品以上经验，有RN性能调优经验优先。2、熟悉ES6语法，熟悉模块化、组件化，了解React基本原理（虚拟DOM/DOM DIFF），JSX/Babel语法，了解React Native的生命周期及渲染机制4、.在实际项目中封装或对接过三方原生SDK，具有React Native在Android和IOS端App适配、性能、安全方面的经验优先6、有良好的代码书写习惯，对代码有严谨的态度。职能类别：iOS开发工程师关键字：经理及以下微信分享
ios工程师,9800.0,7300.0,腾讯大厦,成都-高新区,本科,"周末双休,通讯补贴,交通补贴,弹性工作,五险一金","任职要求1、2年以上相关工作经验；2年以上iOS平台开发经验， 2、有Swift 开发经验，熟悉掌握Objective-C编程语言，同时熟练掌握iOS应用开发。 3、了解iOS系统原理,熟悉移动终端特性和解决方案，熟悉API调用、多线程、网络相关知识，熟悉UI布局和控件的使用，有较好的界面还原能力, 同时有一定的自定义控件能力；对iOS性能优化、内存优化有一定的经验； 4、拥有良好的代码习惯，代码结构清晰、命名规范，提高代码的可阅读性； 5、积极主动、认真踏实、有良好的沟通能力和团队合作精神，有责任心、抗压。工作内容1、负责智慧社区平台产品版本新功能开发以及相关功能维护； 2、与产品、测试及其他团队协作，分析产品需求，制定技术方案；职能类别：iOS开发工程师微信分享"
IOS开发,25000.0,15000.0,雄川金融中心,成都,本科,无,工作职责:1、根据需求与设计文档完成iOS移动端APP的开发，进行系统设计、开发、测试和维护BUG修改和完善；2、负责项目中技术难点和关键模块的设计和编码；3、配合技术负责人，设计和规划iOS开发平台的整体架构和技术规范，并在日常开发实践中贯彻执行。任职资格:1、本科学历以上，计算机及相关专业，3~5年iOS平台软件开发工作经验。2、参与过多个iOS客户端软件的架构设计、整体设计，熟悉iOS客户端系统开发的各个环节和关键技术点。3、能独立做需求分析，具备一定的技术方案设计能力并落实方案。4、精通 Objective－C／Swift，精通 iOS SDK及相关开发工具，具备熟练的系统设计经验，能够从整体上考虑设计问题。5、熟悉掌握iOS各种常用组件、网络通讯、图形界面以及数据存储、数据解析，了解iOS内存管理机制，具备调优性能的能力。6、熟悉掌握 Code开发和调试技巧，熟悉多线程、Socket网络编程和TCP、UDP、HTTPS、FTP等网络协议。7、熟悉Html5和JavaScript技术更佳。8、具有较强的学习能力和独立解决问题的能力，有良好的敬业精神和团队合作精神。职能类别：iOS开发工程师微信分享
IOS开发,12500.0,20833.0,天府三街199号,成都-高新区,本科,"补充公积金,补充医疗保险,五险一金,餐饮补贴",1、根据需求完成Android/IOS软件系统的设计、开发、测试和维护；2、撰写模块设计说明书及相关技术文档；3、对所负责的应用模块进行充分的单元测试；4、对已有系统提供必要的技术支持，并承担相关功能改进任务；5、注重用户体验，研究新技术不断在开发过程中的验证并对产品提出改进建议任职要求：1、有2年以上的Android/IOS开发经验2、.要求1年以上React Native开发经验，熟练掌握React、Mobx、Redux、React    Navigation等框架，且具有1个项目或产品以上经验，有RN性能调优经验优先。3、熟悉ES6语法，熟悉模块化、组件化，了解React基本原理（虚拟DOM/DOM DIFF），JSX/Babel语法，了解React    Native的生命周期及渲染机制4、.在实际项目中封装或对接过三方原生SDK，具有React Native在Android和IOS端App适配、性能、安全方面的经验优先6、有良好的代码书写习惯，对代码有严谨的态度；职能类别：移动开发工程师微信分享
IOS研发工程师,25000.0,15000.0,前海深港青年梦工厂,深圳-南山区,本科,"补充医疗保险,绩效奖金,年终奖金,远程协同,在家办公,培训津贴",1.本科以及以上学历，计算机相关专业。2.了解基本的算法、网络、多线程、WebView与原生交互方案。3.一年以上iOS开发经验。4.有良好的语言表达能力，善于与人沟通合作，有良好的团队意识。5.熟悉小程序实现原理优先，有Flutter开发经验优先。6.有iOS SDK、Android SDK开发经验优先。7.支持在线办公职能类别：iOS开发工程师微信分享
ios,20000.0,15000.0,成都天府大道中段东方希望天祥广场80号B座1809,成都-武侯区,大专,无,职位描述：一、基本要求：1.3年以上iOS端APP开发经验；2.具有实际的互联网应用项目经验；3.具有较强的思维能力，能快速学习和理解新技术和业务知识；4.具有比较良好的沟通能力和团队协作能力，有热情，有创新精神。二、任职资格：1.具有丰富的iOS原生程序开发经验，有一定的系统软件架构经验；2.具有Objective-C／Swift的开发经验，对开发流程、开发原理有较深刻的理解；3.有开源软件开发经验者优先；4.熟悉地图导航功能的开发；5.有互联投屏(link)开发经验。职能类别：iOS开发工程师微信分享
web前端助理岗,8000.0,6000.0,四川省成都市锦江区均隆,成都-锦江区,大专,"五险一金,交通补贴,绩效奖金,年终奖金,弹性工作,周末双休,员工旅游,餐饮补贴,定期体检",岗位职责：1.协助公司各项产品web前端功能设计、维护；2.协助配合软件工程师完成相关页面的维护工作；3.关注互联网前端开发发展趋势，不断学习和运用新技术，提升网站的用户体验；岗位要求1.大专以上学历，计算机专业优先，对互联网行业有浓厚兴趣;2.应届毕业生亦可(有人带)，有前端开发基础优先;3.工作认真、细致、敬业，责任心强，能快速融入团队;4.想获得一份有长远发展、稳定、有晋升空间的工作;福利待遇：1、工作时间：周一至周五，9:00-18:00；周末双休，国家法定节假日正常休息；2、端午节、中秋节等传统节日礼品发放；3、不定期组织员工集体休闲活动；4、开放和谐的工作氛围，舒适便利的工作环境；5、丰富的业余集体活动（拓展，旅游，聚餐，年会等）；职能类别：iOS开发工程师关键字：java前端开发webweb前端软件工程师开发HTML5H5微信分享
IOS逆向分析工程师,15000.0,10000.0,成都市高新区天晖南街169号中航城市广场11层1号,成都-高新区,无,"五险一金,年终奖金,节日福利,全勤奖,双休国休,法定假日",岗位职责：1.负责ios APP程序逆向分析，研究APP中数据库加密算法，找到密钥生成方式2.负责ios API函数的挂钩研究，输出挂钩函数的参数内容3.负责ios项目中的安全方式研究，提供软件保护的思路方法4.负责小组内成员的IOS逆向技术培养，提升小组成员IOS逆向能力任职要求：1. 能够逆向分析出app中的api接口调用、加密等。2. 熟练使用IDA、lldb等逆向分析调试工具。3. 熟悉ARM、ARM64指令集、熟悉常见公开加密算法。4. 熟悉动态分析，有较强的逆向分析能力和软件破解经验优先。5. 了解Object-c和Swift 开发语言6. 熟练使用几门网络抓包工具7. 有强烈的责任心和团队精神，善于沟通和合作，学习能力强，具备较强的逻辑分析能力和解决问题能力。************************************************************************************我们注重员工的成长与发展，不仅给予优秀员工完善的晋升通道，提供内部竞聘和空缺岗位试岗机会，还为员工提供不同的发展规划建议，培训机会和职称申报辅导。下一个“大王”“大师”可能就是你！我们倡导效率工作模式，注重每一次沟通的质量，珍惜每一分在岗时间，不鼓励加班，朝九晚六，周末双休我们践行人性化管理模式，交通不畅或者雨天情况上班适当弹性，更有丰富多样的小小带薪假期（如法定假期错峰1-3H提前下班），员工喜爱的各类活动（运动比赛、春季踏青、包场看电影~~）我们提倡公平公开，协作共享的工作环境；支持对公司和团队贡献大者获得更多的激励机制；丰富全面的奖励方式，即时奖励与阶段奖励相结合；个人成绩与团队成果相结合哟！我们营造积极向上的价值理念，“知行合一，以真致胜”，努力为中国信息安全事业发展而努力。疫情防控期间，效率源技术服务中心和客户服务中心7*24小时在线守护，为行业客户提供在线咨询和应急响应服务。公司网址：***************(中文)*********************(英文)职能类别：系统工程师iOS开发工程师关键字：IOS逆向微信分享
IOS开发工程师（成都）,,,无,成都,本科,无,岗位职责：1、参与IOS APP的需求分析；2、负责IOS APP的设计和开发工作；3、负责IOS APP的性能调优等优化工作。岗位要求：1、计算机、通信工程、信息安全、自动化、数学、物理、统计等相关专业，本科及以上学历2021年、2022年应届毕业生；2、具备全面、扎实的软件基础知识，掌握操作系统、软件工程、设计模式、数据结构、数据库系统、网络安全等专业知识；3、编程基本功扎实，掌握常用算法和数据结构；4、了解Linux基本操作，至少熟练使用IOS/Swift/Object-C中的一种。工作地点：上海、福州、成都、杭州、深圳、北京职能类别：大学/大专应届毕业生微信分享
iOS开发工程师(J12694),15000.0,10000.0,花神大道  万博科技园,南京-雨花台区,本科,无,工作职责:如果你有梦想改变中国物流行业；如果你有梦想去影响千万司机和货主的日常体验；为十万亿规模的物流行业赋能，用技术的力量让公路物流更美好；加入满帮，你就能成为强有力的助推！任职资格:1、统招本科及以上学历，计算机科学、软件工程或统计、应用数学等专业；2、了解iOS平台运行机制、开发流程及调试技巧；3、掌握Java/JS/TS/OC/Swift等任意一门编程语言；职能类别：iOS开发工程师微信分享
iOS研发工程师- 抖音（成都） (职位编号：64848),50000.0,25000.0,天府四街158号OCG国际中心A座16层,成都,本科,"六险一金,股票期权,弹性工作,免费三餐,租房补贴,带薪休假,下午茶,扁平管理,大牛带队,晋升空间大","职位描述：1、负责公司移动产品的研发,编写高质量的代码；2、和产品经理配合,深度参与手机产品需求讨论,功能定义等；3、设计良好的代码结构,不断迭代重构。职位要求：1、智能手机爱好者和使用者, 追求良好的用户体验；2、热爱移动产品研发, 愿意在移动开发领域深入钻研, 并成为专家；3、良好的编程习惯, 代码结构清晰, 命名规范；4、熟练掌握 Objective-C,熟悉App开发的主流框架和开发模式；5、具备iOS 开发经验,能独立开发 iPhone App 者优先；6、对软件产品有强烈的责任心, 具备良好的沟通能力和优秀的团队协作能力。职能类别：移动开发工程师微信分享"
BIOS工程师（成都）,17000.0,12000.0,无,成都,本科,无,岗位职责：开发和维护海光的SoC芯片的BIOS固件，调试解决相关问题任职要求：对计算机系统结构有一定了解熟悉C/C++/汇编/脚本语言有BIOS/UEFI等固件经验者优先，熟悉工业协议SATA/PCIE/USB等者优先良好的沟通能力和团队协作能力，工作积极主动良好的英语沟通能力职能类别：软件工程师微信分享
iOS开发工程师,200000.0,100000.0,天府软件园G5,成都-武侯区,大专,"五险一金,定期体检,年终奖金,餐饮补贴,绩效奖金,团建,生日福利,节假日补贴,节假日礼盒",岗位职责：1. 负责iOS端的业务开发和代码维护工作；2. 负责应用基础架构的设计和具体编码工作；3. 解决项目中遇到的核心技术难点，积极参与代码重构；4.对移动平台相关新技术进行研究和功能实现，对现有开发方法进行改造职位要求：1、1年以上iOS开发经验，熟练使用Swift，且有完整的开发项目。2、掌握iOS 多线程、GCD等开发技巧;3、了解RxSwift、MVVM、Moya。使用过更好。4、熟练掌握数据库知识。对组件化有一定了解5、具备独立解决问题能力，良好的编码规范，对软件架构、代码复用和重构有自己的独到见解；6、踏实认真，有强烈的责任感，良好的学习能力和团队协作能力；加分项：1、重构过项目2、有自己的技术博客1、13薪（根据全年“实得”平均薪资计算）+水果补贴130/人/月（全年共计1560）+团建150/人/2月（全年共计900）+生日福利（120）+节日礼盒：中秋、端午、五一、春节（全年共计400）+每年一次全身体检（单人共计1000）+月末双休（实行每个月一次双休，全年假期多出12天）2、另外还有儿童节、女神节、圣诞节等小礼物期待你与我们一起共事，实现真正的开心赚钱，高效工作！朝九晚六  月休5天哦职能类别：iOS开发工程师微信分享
iOS开发工程师,12000.0,8000.0,博雅城市广场-C座511室,成都-双流区,本科,"五险一金,年终奖金,周末双休,节假日福利,早九晚六",岗位职责：1、根据产品功能需求设计及开发进度计划进行需求分析，研讨技术实现方案；2、高质量完成编码工作，确保代码和架构的质量，具有高可维护性；3、根据开发过程中的体验对产品进行技术评估，提出改进建议；4、改善app软件测试中发现的问题，提升用户使用体验；5、跟进iOS的新技术发展，编码开发及实现；6、良好的编码习惯，代码可读性高，健壮性强。任职要求：1、至少3年以上iOS开发经验，至少参与或独立开发过两款APP并已上架；2、有扎实的ObjectiveC和Cocoa Touch语言基础，深入理解面向对象的设计模式；3、精通iOS开发平台及框架原理 精通iOS UI系统控件及自定义控件，熟悉TCPIP、HTTP协议，SQLite数据库；4、熟练使用Xcode等开发工具，熟练使用各种调试工具；5、熟悉AutoLayout，能熟练的对各种屏幕尺寸和各个系统版本进行适配；6、熟悉iOS软件性能优化，对数据结构、基本算法熟练掌握，有独立解决复杂问题的能力；7、负责iOS手机软件的设计，开发工作，对开发设计流程有清晰的思路；8、具有良好的工作态度、沟通技巧和团队协作精神，能适应高强度和高压力的工作节奏；9、有混合开发经验者优先。职能类别：iOS开发工程师关键字：ios软件开发微信分享
iOS开发工程师,17000.0,12000.0,中国黄金珠宝中心3栋601-1,成都-金牛区,大专,"五险一金,绩效奖金,年终奖金,员工旅游,定期体检",职位描述：1、负责IOS产品开发、用户体验优化和产品维护；2、 根据上级安排的开发进度和任务分配，完成相应模块软件的设计、开发和单元测试任务；3、负责开发过程中相关设计文档和技术规范文档的编写；任职要求：1. 计算机及相关专业，国家统招本科及以上学历；2. 熟悉IOS系统架构及相关技术，熟悉Objective-C 开发。2年以上实际IOS开发经验，有独立或者作为团队主力完成手机APP开发经验；3. 熟练掌握IOS各类组件的使用方法，熟悉IOS的UI绘制、后台服务、消息机制和数据存储的实现方式；4.有使用微信支付宝支付、第三方登录以及即时聊天环信融云的开发经验优先考虑；5.能够适应加班节奏，抗压能力强。具有良好的言语表达能力，善于与人沟通、合作，有良好的团队意识及工作责任心。职能类别：iOS开发工程师关键字：ios软件开发ios开发app工程师开发工程师微信分享
iOS开发工程师（学信网可查）,15000.0,10000.0,三色路,成都-锦江区,大专,"五险一金,通讯补贴,周末双休","技能要求：1、良好的编程风格，扎实的编程和数据结构算法基础；深入理解面向对象编程思想，具有较强的设计能力；2、深入理解iOS SDK，具有丰富的 Objective-C 及 C/C++ 开发经验；精通各种UI控件，能够实现复杂的界面交互；3、熟练掌握iOS平台下的高性能编程及性能调优；4、关注iOS的新技术、新趋势,主动性强愿意自学提高自身技术水平；综合素质要求：1.具有良好学习能力、分析能力和解决问题的能力；2.有强烈的责任心和团队精神，善于沟通和合作，能接受加班，能够承担一定工作压力；3.热爱互联网新技术，了解并探索业界技术动向；职能类别：iOS开发工程师关键字：iosios开发微信分享"
iOS开发工程师,15000.0,10000.0,兴隆湖,成都-高新区,大专,"五险一金,弹性工作,绩效奖金,年终奖金,交通补贴","熟悉swift导航功能模块所有需要与第三方部门提供的接口联调开发工作,已经导航模块的UI变更。电话和加油模块开发,包括页面和接口功能的开发。地图反控功能的开发。消息中心与帮助中心功能模块开发,包括页面开发,接口功能开发。职能类别：iOS开发工程师微信分享"
IOS开发工程师/混合RN开发,20000.0,10000.0,天府三街新希望国际B座317室,成都-高新区,大专,"五险一金,年终奖金,绩效奖金",1.负责iOS App产品的需求分析、详细设计以及开发工作；2.根据项目任务计划按时完成软件编码和单元测试工作；3. 按照开发流程编写相应模块的设计文档；4. 具有主动性，积极学习；5. 完成分配的开发工作；6. 协助项目经理保证研发工作的质量和进度；任职要求：1.大学专科或以上学历，2年以上iOS相关经验，有React Native、Taro、React、es6、js、typescript经验优先2.拥有一定Objective-C经验，了解设计模式，熟悉C，C++，swift3. 熟悉Cocoa/UIKit Framework，熟悉CoreAnimation，熟悉iPhone/iPad各个版本之间的差异，并且能够提供良好的解决方案；4. 熟悉HTTP/JSON/web socket和XML等网络协议，熟悉多线程及面向接口编程，熟悉SQLite数据库编程；5. 了解iOS性能优化经验; 使用过Xcode的Instrument来诊断和调试问题; 熟练编写Xcode下的单元测试;了解Xcode下的自动化测试;6. 较强的逻辑分析能力和应变能力；良好的团队合作精神；能独立开展各项工作，思路清晰，良好的学习能力，良好的英文资料阅读能力；7. 加分项：拥有ios保活相关经验、ios打包自动化、拥有jenkins经验、熟悉shell或者其他脚本语言职能类别：移动开发工程师微信分享
iOS开发工程师,12000.0,10000.0,博雅城市广场-C座511室,成都-双流区,大专,"五险一金,年终奖金,周末双休,绩效奖金,节假日福利,少加班,早九晚六",岗位职责：1、根据产品功能需求设计及开发进度计划进行需求分析，研讨技术实现方案；2、高质量完成编码工作，确保代码和架构的质量，具有高可维护性；3、根据开发过程中的体验对产品进行技术评估，提出改进建议；4、改善app软件测试中发现的问题，提升用户使用体验；5、跟进iOS的新技术发展，编码开发及实现；6、良好的编码习惯，代码可读性高，健壮性强。任职要求：1、至少2年以上iOS开发经验，至少参与或独立开发过两款APP并已上架；2、有扎实的ObjectiveC和Cocoa Touch语言基础，深入理解面向对象的设计模式；3、精通iOS开发平台及框架原理 精通iOS UI系统控件及自定义控件，熟悉TCPIP、HTTP协议，SQLite数据库；4、熟练使用Xcode等开发工具，熟练使用各种调试工具；5、熟悉AutoLayout，能熟练的对各种屏幕尺寸和各个系统版本进行适配；6、熟悉iOS软件性能优化，对数据结构、基本算法熟练掌握，有独立解决复杂问题的能力；7、负责iOS手机软件的设计，开发工作，对开发设计流程有清晰的思路；8、具有良好的工作态度、沟通技巧和团队协作精神，能适应高强度和高压力的工作节奏；9、有混合开发经验者优先。职能类别：iOS开发工程师关键字：ios开发ios微信分享
iOS高级开发工程师,30000.0,18000.0,天府五街菁蓉汇1栋C座4楼,成都-高新区,本科,无,？ 职位职责1. 负责公司项目后端设计及研发工作；2. 负责前后端通信的API设计及开发实现；3. 持续重构与维护组件，保持可用性和稳定性；4. 解决产品开发过程中的高性能，高并发和可靠性问题；5. 日志等各种类型的数据分析和处理；？ 职位要求1. 4年以上工作经历，本科及以上学历，计算机相关专业，211/985以上学校，硕士学历可放宽，大型互联网从业经验;2. 热爱计算机科学和互联网技术，精通JAVA，熟悉其他编程语言，加分项：包括但不限于：Go、Java、PHP、C++、Python；3.   有大数据处理分析经验、智能推荐算法经验、音视频优化处理经验优先4. 熟悉大规模高并发处理、分布式存储等互联网前后端开发技术；5. 对数据结构和算法有比较好的理解和实践；6. 良好的团队协作精神，较强的主动性，勇于承担任务，具有良好的沟通能力；？ 加分项1. 参加过开源项目2. 有自己的技术博客3. 有异地多活、音视频相关开发经验4. 具有前端开发能力能力优秀者薪酬有再议职能类别：iOS开发工程师移动开发工程师微信分享
iOS高级开发工程师,25000.0,15000.0,成都-高新区,成都-高新区,大专,无,职责描述：1、根据公司业务发展需求，负责公司IOS移动应用的框架设计和应用开发；2、IOS开发完成客户端界面及应用程序设计、开发、发布；3、负责IOS客户端开发流程的控制及优化，项目进度的管理及把控；4、参与公司产品架构设计、方案的制定；5、负责IOS平台框架层面的开发维护以及扩展；6、跟进IOS的新技术发展，编写设计开发及实现文挡；7、根据产品功能需求设计并完成软件实现。任职要求：1、基础扎实，熟悉常用数据结构与算法，精通Swift、Mac OS X、Xcode；2、3年以上的手机客户端开发经验；3、熟悉移动行业趋势和技术趋势，对企业移动需求有深入了解4、有比较好的商业意识，能根据业务需求为客户制定相应的移动解决方案，并能提炼、总结可复用的解决方案职能类别：高级软件工程师关键字：ios软件开发ios开发软件工程师开发工程师微信分享
iOS高级开发工程师,30000.0,15000.0,成都-高新区,成都-高新区,大专,无,岗位职责:1、负责iOS平台下的APP应用开发、整体构架设计；2、根据公司产品策略，开发iOS平台上的应用程序3、负责iOS平台上的技术攻关，确保开发质量；4、负责根据产品需求完成模块设计、编码、编码集成工作；5、根据开发过程中的体验对产品提出改进意见。6、根据产品需求完成架构和系统设计、制订开发计划，分配开发任务等；7、配合完成测试工作；8、改善软件的易用性，提升用户使用体验；9、参与公司自有产品的研发与维护，产品质量控制，缺陷追踪，重构和产品技术持续改进；10、部门负责人交待的其他工作。岗位要求:1、计算机相关专业大专以上学历，一年以上iOS开发经验；熟悉iOS平台应用的设计理念；2、熟练掌握iOS SDK中UI、内存管理机制、网络、数据库、XML/JSON解析等开发技巧3、计算机基础扎实，熟悉常见的数据结构、算法及设计模式，对Socket通信、TCP/IP和HTTP有较深刻理解；4、注重代码质量，良好的编码习惯，设计经验丰富，编码质量高；5、熟悉常用第三方来源框架，熟悉原理；6、具有较强的问题分析能力，良好的编程习惯，了解移动互联网；职能类别：iOS开发工程师关键字：ios软件开发开发ios开发软件工程师微信分享
iOS开发工程师,17000.0,12000.0,天府大道,成都-高新区,大专,无,职位描述：*根据公司要求独立完成iOS应用程序开发设计、调试工作；*根据项目任务计划独立按时完成软件高质量编码和测试工作；*规范文档的编写、维护，以及其他与项目相关工作；*按时按需完成客户端软件的维护及更新。*有播放器开发经验优先。*任职资格：*计算机及相关专业本科及以上学历，2年以上IOS开发经验；*有扎实的Object C、swift语言基础；*熟练掌握IOS开发技术，熟悉常用第三方开发库；*熟悉各个不同版本的IOS特点，了解Cocoa、UIKit框架等；*具备良好的数据结构和算法基础；*学习能力强，具备较好的逻辑分析能力；*有积极的工作态度、一定的抗压能力，善于沟通和团队合作。职能类别：iOS开发工程师微信分享
iOS开发工程师,30000.0,20000.0,天府科技园,成都-高新区,大专,"五险一金,员工旅游,专业培训,交通补贴,餐饮补贴,弹性工作,绩效奖金,定期体检,通讯补贴",职责描述：1、根据公司业务发展需求，负责公司IOS移动应用的框架设计和应用开发；2、IOS开发完成客户端界面及应用程序设计、开发、发布；3、负责IOS客户端开发流程的控制及优化，项目进度的管理及把控；4、参与公司产品架构设计、方案的制定；5、负责IOS平台框架层面的开发维护以及扩展；6、跟进IOS的新技术发展，编写设计开发及实现文挡；7、根据产品功能需求设计并完成软件实现。任职要求：1、基础扎实，熟悉常用数据结构与算法，精通Swift、Mac OS X、Xcode；2、3年以上的手机客户端开发经验；3、熟悉移动行业趋势和技术趋势，对企业移动需求有深入了解4、有比较好的商业意识，能根据业务需求为客户制定相应的移动解决方案，并能提炼、总结可复用的解决方案职能类别：iOS开发工程师关键字：软件开发微信分享
iOS开发工程师,30000.0,20000.0,天府科技园,成都-高新区,大专,"五险一金,员工旅游,专业培训,交通补贴,餐饮补贴,弹性工作,绩效奖金,定期体检,通讯补贴",职责描述：1. 负责iOS客户端软件的产品设计、开发与维护；2. 根据产品需求完成架构和模块设计、编码、测试工作，具备独立开发项目的能力；3. 优化客户端的产品质量、改善软件的易用性，提升用户使用体验；4. 完成与工作相关的技术文档编写工作，负责技术难点的解决；任职要求：1、基础扎实，熟悉常用数据结构与算法，精通Swift、Mac OS X、Xcode；2、3年以上的手机客户端开发经验；3、熟悉移动行业趋势和技术趋势，对企业移动需求有深入了解4、有比较好的商业意识，能根据业务需求为客户制定相应的移动解决方案，并能提炼、总结可复用的解决方案职能类别：iOS开发工程师微信分享
iOS开发工程师,30000.0,20000.0,天府科技园,成都-高新区,无,无,1、根据公司业务发展需求，负责公司IOS移动应用的框架设计和应用开发；2、IOS开发完成客户端界面及应用程序设计、开发、发布；3、负责IOS客户端开发流程的控制及优化，项目进度的管理及把控；4、参与公司产品架构设计、方案的制定；5、负责IOS平台框架层面的开发维护以及扩展；6、跟进IOS的新技术发展，编写设计开发及实现文挡；7、根据产品功能需求设计并完成软件实现。任职要求：1、基础扎实，熟悉常用数据结构与算法，精通Swift、Mac OS X、Xcode；2、3年以上的手机客户端开发经验；3、熟悉移动行业趋势和技术趋势，对企业移动需求有深入了解4、有比较好的商业意识，能根据业务需求为客户制定相应的移动解决方案，并能提炼、总结可复用的解决方案职能类别：iOS开发工程师微信分享
ios开发工程师,15000.0,10000.0,成都市双流区电子科技大学科技园D8-2栋3楼（建议地图搜索：成都吉祥锐意科技有限公司）,成都-双流区,本科,"五险一金,免费班车,餐饮补贴,绩效奖金,年终奖金",工作职责：1、基于iphone、ipad等客户端软件的产品开发与维护；2、对iOS的整体架构有较为深入的了解；3、根据产品需求完成架构和模块设计、编码、测试工作；3、对终端产品的UI/UE有独到的见解与认识，在开发迭代中不断改善用户体验；4、完成于工作相关的技术文档编写工作；5、配合测试人员进行程序的测试和对缺陷的修正。岗位要求：1、计算机或相关专业本科及以上学历，两年以上相关工作经验；2、熟悉IOS平台下的开发，C++/Objective C/Cocoa编程，熟练使用iPhone/iPad SDK及相关开发工具；3、熟悉iPhone客户端与后台通信技术，掌握socket和http网络通信协议；4、熟悉iPhone/iPad/Mac操作系统，一年或以上iOS开发经验；5、熟悉算法思想，有较强的解决问题的能力，对OOD/OOP有深刻的理解；6、具有比较良好的沟通能力和协作能力，有热情，有创新精神；7、有路由器相关app开发经验者优先备注：学历硬性要求为全日制普通本科。职能类别：iOS开发工程师微信分享
iOS开发工程师,15000.0,10000.0,成都市人民南路四段45号新希望大厦,成都,大专,"五险一金,补充医疗保险,员工旅游,弹性工作,定期体检,绩效奖金,年终奖金,专业培训",岗位职责：从事手机平台（iPhone）的软件开发。任职要求：1、计算机、通信、电子类相关专业，大专或以上学历。2、精通C/C++或Objective-C语言，Swift语言，2年以上iOS或者Mac平台App开发经验。3、对iphone开发平台有深入的了解和浓厚的兴趣，熟悉软件开发管理过程，有良好的编程规范及开发技能。4、掌握MAC或Unix系统工作机制，熟悉SQL语言，熟悉TCP/IP协议及网络编程。5、对工作充满激情，学习能力强，有强烈的责任感和进取心，能在压力下工作。职能类别：iOS开发工程师微信分享
iOS开发工程师,12000.0,8000.0,宗申塞纳维54栋，大唐房屋总部,成都-双流区,大专,"弹性工作,带薪年假,专业培训,绩效奖金,节日福利",工作内容：1、负责公司B端和C端的开发。任职要求：1、本科及以上学历，计算机相关专业，经验优秀者可以接受大专2、两年及以上实际iOS开发经验，精通OC和swift，3、上线过两个及以上商业项目APP。4、熟练接入地图，时事通讯，分享K线图等第三方5、具备良好的沟通能力和优秀的团队协作能力。6、接受一定程度的加班（项目期间）项目完成早九晚六双休职能类别：iOS开发工程师移动开发工程师关键字：ios软件开发ios开发软件工程师微信分享
逆向工程师,35000.0,20000.0,吉泰四路88号香年广场T3写字楼,成都-高新区,大专,"五险一金,年终奖金,通讯补贴,餐饮补贴","【职位描述】1、负责APP产品逆向，iOS核心模块代码编写和维护工作；2、带领并指导开发工程师进行代码开发/单元测试等工作；3、编写高质量、结构清晰、易读、易维护的代码，完善团队的编码规范并帮助开发团队进行代码审查；4、管理代码托管GitLab,注重 Testflights,坚持 Code Review.【任职要求】1.计算机或相关专业毕业，本科或以上学历;2. 3年以上Objective-C，有扎实的C/C++/Objective-C/Swift/H5基础，熟悉应用基本算法/数据结构;3. 核心功能底层SDK开发，有技术难题攻关经验;4.无障碍阅读英文技术文档5. 熟悉各种翻墙技术，能够自由访问 Google6.良好的沟通能力和协作能力职能类别：iOS开发工程师微信分享"
软件开发工程师,10000.0,7000.0,成都市武侯区人民南路三段二号汇日央扩803室,成都,本科,"生日福利,节日福利,弹性工作,周末双休,办公环境好,绩效奖金",岗位职责：1、使用 Flutter 进行移动应用研发；2、独立完成 iOS 应用的开发工作；3、与前端、后端工程师和产品经理一起研讨技术实现方案，进行应用及系统整合；4、持续对产品开发流程进行改进与优化，提高开发能力和效率，并能通过技术提升用户体验和可用性。任职要求：1、能够使用 Flutter 进行跨平台的移动端开发，熟悉 Flutter 相关 API 及第三方框架；2、熟悉 Dart 语言的基本语法；3、熟悉 iOS 原生开发者，能够熟练运用原生 API 和第三方框架；4、有 Flutter 实际项目经验者优先；5、熟悉 swift 语言者优先；6、有 Web 前端开发经验者优先。职能类别：iOS开发工程师微信分享
Mac应用开发工程师,15000.0,10000.0,人民南路四段45号新希望大厦,成都-武侯区,大专,"五险一金,补充医疗保险,员工旅游,弹性工作,定期体检,绩效奖金,年终奖金,专业培训",岗位职责：根据需求及设计进行编码。任职要求：1、深入理解面向对象程序设计思想；2、精通C/Object-C语言，有C或C++语言背景***；3、熟悉MACOS系统；4、熟练运用Cocoa框架，并理解其内部消息机制；5、具备较强的逻辑、抽象思维能力。职能类别：iOS开发工程师微信分享
